,Interval summary,,,,,,,,,,,,Velocity classes,,,,,,,,,,Zone: block,,,,,,,,,,,Zone: Ball,,,,,,,,,,,Zone: arena,,,,,,,,,,
animal ,Group,Date,Time,Run time,Avg. velocity (cm/s),Track length (cm),Activity (%),Ambulations,ZC,R ZC,Wall dist. (cm),Area covered (%),vc 1 (s),vc 2 (s),vc 3 (s),vc 4 (s),vc 5 (s),vc 6 (s),vc 7 (s),vc 8 (s),vc 9 (s),vc 10 (s),Duration (s),Velocity (cm/s),Tracklength (cm),Visits,Headbobs,Headstretches,Tailmoves,Freezings,Activity (%),Ambulations,Visit latency (s),Duration (s),Velocity (cm/s),Tracklength (cm),Visits,Headbobs,Headstretches,Tailmoves,Freezings,Activity (%),Ambulations,Visit latency (s),Duration (s),Velocity (cm/s),Tracklength (cm),Visits,Headbobs,Headstretches,Tailmoves,Freezings,Activity (%),Ambulations,Visit latency (s)
11,,14.03.2018,13:31:08,0:01:00,4,238,65.8,229,135,393,0,0,"00:00,0","00:00,0","00:00,0","00:00,0","00:00,0","00:00,0","00:00,0","00:00,0","00:00,0","00:00,0",0.2,0,0,1,0,0,0,0,0,0,9.1,0.2,0,0,5,0,0,0,0,0,0,3.9,60,4,238,0,0,0,0,0,65.8,229,0
11,,14.03.2018,13:32:08,0:02:00,4.5,269.6,67.2,207,147,435,0,0,"00:00,0","00:00,0","00:00,0","00:00,0","00:00,0","00:00,0","00:00,0","00:00,0","00:00,0","00:00,0",3,11.1,7.6,2,0,0,0,0,29.1,2,18.8,0,0,0,0,0,0,0,0,0,0,0,60,4.5,269.6,0,0,0,0,0,67.2,207,0
11,,14.03.2018,13:33:08,0:03:00,7.6,453.4,78.9,128,276,800,0,0,"00:00,0","00:00,0","00:00,0","00:00,0","00:00,0","00:00,0","00:00,0","00:00,0","00:00,0","00:00,0",7.5,15,35.4,12,0,0,0,0,59.5,15,2,2.5,33.4,3.1,4,0,0,0,0,100,4,13.8,60,7.6,453.4,0,0,0,0,0,78.9,128,0
11,,14.03.2018,13:34:08,0:04:00,5.6,338.6,73.7,184,193,535,0,0,"00:00,0","00:00,0","00:00,0","00:00,0","00:00,0","00:00,0","00:00,0","00:00,0","00:00,0","00:00,0",5.4,1.8,1.6,5,0,0,0,0,43.2,9,7.2,2.4,15,15.1,5,0,0,0,0,55.6,6,19.6,60,5.6,338.6,0,0,0,0,0,73.7,184,0
11,,14.03.2018,13:35:08,0:05:00,5.1,304.9,58.1,184,194,501,0,0,"00:00,0","00:00,0","00:00,0","00:00,0","00:00,0","00:00,0","00:00,0","00:00,0","00:00,0","00:00,0",16.5,5,25.6,10,0,0,0,0,21.4,31,1.5,15.3,71.5,7.9,13,0,0,0,0,70,78,12.7,60,5.1,304.9,0,0,0,0,0,58.1,184,0
11,,14.03.2018,13:36:08,0:06:00,5.9,352.6,77.8,187,195,657,0,0,"00:00,0","00:00,0","00:00,0","00:00,0","00:00,0","00:00,0","00:00,0","00:00,0","00:00,0","00:00,0",2.4,0,0,5,0,0,0,0,0,8,31.9,0.8,0,0,1,0,0,0,0,0,0,36.8,60,5.9,352.6,0,0,0,0,0,77.8,187,0
11,,14.03.2018,13:37:08,0:07:00,5.7,343.5,77.5,150,202,621,0,0,"00:00,0","00:00,0","00:00,0","00:00,0","00:00,0","00:00,0","00:00,0","00:00,0","00:00,0","00:00,0",4,5.1,3.6,3,0,0,0,0,48.5,9,54.4,3,3.2,0.5,3,0,0,0,0,64,11,18.4,60,5.7,343.5,0,0,0,0,0,77.5,150,0
11,,14.03.2018,13:38:08,0:08:00,4.5,267.6,73.8,226,142,392,0,0,"00:00,0","00:00,0","00:00,0","00:00,0","00:00,0","00:00,0","00:00,0","00:00,0","00:00,0","00:00,0",1.2,12,1.1,3,0,0,0,0,100,4,0.1,0,0,0,0,0,0,0,0,0,0,0,60,4.5,267.6,0,0,0,0,0,73.8,226,0
11,,14.03.2018,13:39:08,0:09:00,5.8,350.6,71.4,196,195,591,0,0,"00:00,0","00:00,0","00:00,0","00:00,0","00:00,0","00:00,0","00:00,0","00:00,0","00:00,0","00:00,0",5.7,4.1,11.7,13,0,0,0,0,48.6,25,42.2,2.4,58.8,6.4,4,0,0,0,0,100,3,3,60,5.8,350.6,0,0,0,0,0,71.4,196,0
11,,14.03.2018,13:40:08,0:10:00,5.9,356.1,65.4,146,212,649,0,0,"00:00,0","00:00,0","00:00,0","00:00,0","00:00,0","00:00,0","00:00,0","00:00,0","00:00,0","00:00,0",4.9,2.7,0.9,11,0,0,0,0,12.7,15,1.3,9.8,3.6,3.7,12,0,0,0,0,30.9,14,13.2,60,5.9,356.1,0,0,0,0,0,65.4,146,0
12,,14.03.2018,13:45:09,0:01:00,10.2,612.3,82.9,107,358,1254,0,0,"00:00,0","00:00,0","00:00,0","00:00,0","00:00,0","00:00,0","00:00,0","00:00,0","00:00,0","00:00,0",0.5,0,0,2,0,0,0,0,0,2,6.9,0.4,0,0,2,0,0,0,0,0,1,19.3,60,10.2,612.3,0,0,0,0,0,82.9,107,0
12,,14.03.2018,13:46:09,0:02:00,9.3,558.2,83.3,129,344,1162,0,0,"00:00,0","00:00,0","00:00,0","00:00,0","00:00,0","00:00,0","00:00,0","00:00,0","00:00,0","00:00,0",1,0,0,3,0,0,0,0,0,3,22.6,0.8,0,0,3,0,0,0,0,0,3,17.5,60,9.3,558.2,0,0,0,0,0,83.3,129,0
12,,14.03.2018,13:47:09,0:03:00,9.7,581.2,89.9,95,374,1137,0,0,"00:00,0","00:00,0","00:00,0","00:00,0","00:00,0","00:00,0","00:00,0","00:00,0","00:00,0","00:00,0",2,0,0,4,0,0,0,0,0,6,5.5,2.1,0,0,4,0,0,0,0,0,8,23.4,60,9.7,581.2,0,0,0,0,0,89.9,95,0
12,,14.03.2018,13:48:09,0:04:00,7.5,447.3,77.8,161,291,879,0,0,"00:00,0","00:00,0","00:00,0","00:00,0","00:00,0","00:00,0","00:00,0","00:00,0","00:00,0","00:00,0",11.4,0,0,12,0,0,0,0,0,39,16.5,3.2,0,0,3,0,0,0,0,0,11,22.5,60,7.5,447.3,0,0,0,0,0,77.8,161,0
12,,14.03.2018,13:49:09,0:05:00,7.3,436,79.9,151,268,751,0,0,"00:00,0","00:00,0","00:00,0","00:00,0","00:00,0","00:00,0","00:00,0","00:00,0","00:00,0","00:00,0",4.8,15.3,9.2,12,0,0,0,0,32.4,7,33.1,8.8,93,7.1,12,0,0,0,0,100,29,8.1,60,7.3,436,0,0,0,0,0,79.9,151,0
12,,14.03.2018,13:50:09,0:06:00,6,361.3,77.6,179,223,627,0,0,"00:00,0","00:00,0","00:00,0","00:00,0","00:00,0","00:00,0","00:00,0","00:00,0","00:00,0","00:00,0",0.2,0,0,1,0,0,0,0,0,0,2.1,2.6,10.4,2.8,4,0,0,0,0,37.2,8,57.9,60,6,361.3,0,0,0,0,0,77.6,179,0
12,,14.03.2018,13:51:09,0:07:00,4.8,288.8,74.8,213,144,409,0,0,"00:00,0","00:00,0","00:00,0","00:00,0","00:00,0","00:00,0","00:00,0","00:00,0","00:00,0","00:00,0",1.9,0,0,4,0,0,0,0,0,3,0.4,6.1,1.8,1,10,0,0,0,0,36,18,11,60,4.8,288.8,0,0,0,0,0,74.8,213,0
12,,14.03.2018,13:52:09,0:08:00,4.3,257.9,71.9,180,142,332,0,0,"00:00,0","00:00,0","00:00,0","00:00,0","00:00,0","00:00,0","00:00,0","00:00,0","00:00,0","00:00,0",6.6,4,1.4,6,0,0,0,0,89.5,15,32.9,0,0,0,0,0,0,0,0,0,0,0,60,4.3,257.9,0,0,0,0,0,71.9,180,0
12,,14.03.2018,13:53:09,0:09:00,5.9,356.3,72.7,200,194,627,0,0,"00:00,0","00:00,0","00:00,0","00:00,0","00:00,0","00:00,0","00:00,0","00:00,0","00:00,0","00:00,0",0,0,0,0,0,0,0,0,0,0,0,0.8,0,0,2,0,0,0,0,0,2,3.1,60,5.9,356.3,0,0,0,0,0,72.7,200,0
12,,14.03.2018,13:54:09,0:10:00,4.9,295.4,69.6,215,166,439,0,0,"00:00,0","00:00,0","00:00,0","00:00,0","00:00,0","00:00,0","00:00,0","00:00,0","00:00,0","00:00,0",3.6,16.1,14.2,4,0,0,0,0,39.1,5,24.9,2.5,0,0,2,0,0,0,0,0,4,57.4,60,4.9,295.4,0,0,0,0,0,69.6,215,0
13,,14.03.2018,13:57:21,0:01:00,9,538.3,80.8,141,330,1101,0,0,"00:00,0","00:00,0","00:00,0","00:00,0","00:00,0","00:00,0","00:00,0","00:00,0","00:00,0","00:00,0",2.8,0,0,6,0,0,0,0,0,9,28.6,0.8,0,0,2,0,0,0,0,0,3,15.6,60,9,538.3,0,0,0,0,0,80.8,141,0
13,,14.03.2018,13:58:21,0:02:00,3.3,196.1,51.3,272,109,299,0,0,"00:00,0","00:00,0","00:00,0","00:00,0","00:00,0","00:00,0","00:00,0","00:00,0","00:00,0","00:00,0",0.1,0,0,1,0,0,0,0,0,0,6.5,1.4,0,0,3,0,0,0,0,0,1,0.2,60,3.3,196.1,0,0,0,0,0,51.3,272,0
13,,14.03.2018,13:59:21,0:03:00,8.4,503.1,85.2,117,314,993,0,0,"00:00,0","00:00,0","00:00,0","00:00,0","00:00,0","00:00,0","00:00,0","00:00,0","00:00,0","00:00,0",0.5,0,0,3,0,0,0,0,0,1,0.5,0,0,0,0,0,0,0,0,0,0,0,60,8.4,503.1,0,0,0,0,0,85.2,117,0
13,,14.03.2018,14:00:21,0:04:00,8.8,528.4,88.9,107,310,989,0,0,"00:00,0","00:00,0","00:00,0","00:00,0","00:00,0","00:00,0","00:00,0","00:00,0","00:00,0","00:00,0",1.9,0,0,3,0,0,0,0,0,5,20.2,4.1,9.4,4.6,8,0,0,0,0,100,7,1.9,60,8.8,528.4,0,0,0,0,0,88.9,107,0
13,,14.03.2018,14:01:21,0:05:00,7.7,460.8,77.6,141,276,782,0,0,"00:00,0","00:00,0","00:00,0","00:00,0","00:00,0","00:00,0","00:00,0","00:00,0","00:00,0","00:00,0",2.9,5.8,11.4,6,0,0,0,0,34.9,3,18.7,4.9,23.2,17.6,9,0,0,0,0,50.9,11,8,60,7.7,460.8,0,0,0,0,0,77.6,141,0
13,,14.03.2018,14:02:21,0:06:00,7.2,430.2,83,123,260,773,0,0,"00:00,0","00:00,0","00:00,0","00:00,0","00:00,0","00:00,0","00:00,0","00:00,0","00:00,0","00:00,0",0.2,0,0,1,0,0,0,0,0,0,56.4,1.5,6.8,1.4,8,0,0,0,0,82.5,2,32.4,60,7.2,430.2,0,0,0,0,0,83,123,0
13,,14.03.2018,14:03:21,0:07:00,6.6,394.6,82.8,143,245,717,0,0,"00:00,0","00:00,0","00:00,0","00:00,0","00:00,0","00:00,0","00:00,0","00:00,0","00:00,0","00:00,0",3,0.3,0.4,3,0,0,0,0,6,3,42.8,0.6,0,0,2,0,0,0,0,0,0,39.8,60,6.6,394.6,0,0,0,0,0,82.8,143,0
13,,14.03.2018,14:04:21,0:08:00,6.3,375.6,79.6,149,232,671,0,0,"00:00,0","00:00,0","00:00,0","00:00,0","00:00,0","00:00,0","00:00,0","00:00,0","00:00,0","00:00,0",0,0,0,0,0,0,0,0,0,0,0,1.4,0,0,1,0,0,0,0,0,4,35.9,60,6.3,375.6,0,0,0,0,0,79.6,149,0
13,,14.03.2018,14:05:21,0:09:00,2.9,171.7,65.4,281,61,71,0,0,"00:00,0","00:00,0","00:00,0","00:00,0","00:00,0","00:00,0","00:00,0","00:00,0","00:00,0","00:00,0",0,0,0,0,0,0,0,0,0,0,0,0,0,0,0,0,0,0,0,0,0,0,60,2.9,171.7,0,0,0,0,0,65.4,281,0
13,,14.03.2018,14:06:21,0:10:00,7.3,436.1,80.7,158,251,733,0,0,"00:00,0","00:00,0","00:00,0","00:00,0","00:00,0","00:00,0","00:00,0","00:00,0","00:00,0","00:00,0",5.9,1.6,0.3,2,0,0,0,0,36.2,21,9.2,4.4,5.9,9.6,6,0,0,0,0,78.8,11,2.1,60,7.3,436.1,0,0,0,0,0,80.7,158,0
14,,14.03.2018,14:09:58,0:01:00,7.2,431,76.3,156,245,829,0,0,"00:00,0","00:00,0","00:00,0","00:00,0","00:00,0","00:00,0","00:00,0","00:00,0","00:00,0","00:00,0",0.6,0,0,4,0,0,0,0,0,1,3,4.1,0,0,7,0,0,0,0,0,15,7,60,7.2,431,0,0,0,0,0,76.3,156,0
14,,14.03.2018,14:10:58,0:02:00,6.7,401.3,80.5,144,238,755,0,0,"00:00,0","00:00,0","00:00,0","00:00,0","00:00,0","00:00,0","00:00,0","00:00,0","00:00,0","00:00,0",4.5,0,0,5,0,0,0,0,0,15,12.1,0,0,0,0,0,0,0,0,0,0,0,60,6.7,401.3,0,0,0,0,0,80.5,144,0
14,,14.03.2018,14:11:58,0:03:00,4.2,254.7,61.1,199,174,488,0,0,"00:00,0","00:00,0","00:00,0","00:00,0","00:00,0","00:00,0","00:00,0","00:00,0","00:00,0","00:00,0",0,0,0,1,0,0,0,0,0,0,0.2,0.3,0,0,1,0,0,0,0,0,0,1.5,60,4.2,254.7,0,0,0,0,0,61.1,199,0
14,,14.03.2018,14:12:58,0:04:00,7.1,426.3,73.4,163,263,883,0,0,"00:00,0","00:00,0","00:00,0","00:00,0","00:00,0","00:00,0","00:00,0","00:00,0","00:00,0","00:00,0",3.3,0,0,5,0,0,0,0,0,10,11.3,2.7,7.4,6.1,5,0,0,0,0,90,9,7.8,60,7.1,426.3,0,0,0,0,0,73.4,163,0
14,,14.03.2018,14:13:58,0:05:00,2.6,154,55,222,113,194,0,0,"00:00,0","00:00,0","00:00,0","00:00,0","00:00,0","00:00,0","00:00,0","00:00,0","00:00,0","00:00,0",0,0,0,0,0,0,0,0,0,0,0,0,0,0,0,0,0,0,0,0,0,0,60,2.6,154,0,0,0,0,0,55,222,0
14,,14.03.2018,14:14:58,0:06:00,3.1,188.1,53.2,243,109,279,0,0,"00:00,0","00:00,0","00:00,0","00:00,0","00:00,0","00:00,0","00:00,0","00:00,0","00:00,0","00:00,0",0.4,0,0,2,0,0,0,0,0,0,41.8,4.3,0,0,12,0,0,0,0,0,15,53.4,60,3.1,188.1,0,0,0,0,0,53.2,243,0
14,,14.03.2018,14:15:58,0:07:00,5.5,327.5,63.4,163,208,591,0,0,"00:00,0","00:00,0","00:00,0","00:00,0","00:00,0","00:00,0","00:00,0","00:00,0","00:00,0","00:00,0",2.1,27.5,13,2,0,0,0,0,41.6,3,28.1,1.1,0,0,1,0,0,0,0,0,0,21.9,60,5.5,327.5,0,0,0,0,0,63.4,163,0
14,,14.03.2018,14:16:58,0:08:00,1.8,110.3,49.5,218,60,85,0,0,"00:00,0","00:00,0","00:00,0","00:00,0","00:00,0","00:00,0","00:00,0","00:00,0","00:00,0","00:00,0",0,0,0,0,0,0,0,0,0,0,0,0,0,0,0,0,0,0,0,0,0,0,60,1.8,110.3,0,0,0,0,0,49.5,218,0
14,,14.03.2018,14:17:58,0:09:00,4.8,286.8,65.1,207,168,476,0,0,"00:00,0","00:00,0","00:00,0","00:00,0","00:00,0","00:00,0","00:00,0","00:00,0","00:00,0","00:00,0",2.4,0,0,2,0,0,0,0,0,6,21.3,0.4,0,0,3,0,0,0,0,0,0,24.4,60,4.8,286.8,0,0,0,0,0,65.1,207,0
14,,14.03.2018,14:18:58,0:10:00,5.8,345,74,196,202,622,0,0,"00:00,0","00:00,0","00:00,0","00:00,0","00:00,0","00:00,0","00:00,0","00:00,0","00:00,0","00:00,0",4.2,9.9,0.3,6,0,0,0,0,100,22,39.8,6.3,9.7,17.8,24,0,0,0,0,90.3,17,7.3,60,5.8,345,0,0,0,0,0,74,196,0
21,,14.03.2018,11:35:31,0:01:00,4.1,246.3,57.5,260,163,418,0,0,"00:00,0","00:00,0","00:00,0","00:00,0","00:00,0","00:00,0","00:00,0","00:00,0","00:00,0","00:00,0",0,0,0,0,0,0,0,0,0,0,0,0,0,0,0,0,0,0,0,0,0,0,60,4.1,246.3,0,0,0,0,0,57.5,260,0
21,,14.03.2018,11:36:31,0:02:00,2.5,150.9,51.7,242,98,167,0,0,"00:00,0","00:00,0","00:00,0","00:00,0","00:00,0","00:00,0","00:00,0","00:00,0","00:00,0","00:00,0",0,0,0,0,0,0,0,0,0,0,0,0,0,0,0,0,0,0,0,0,0,0,60,2.5,150.9,0,0,0,0,0,51.7,242,0
21,,14.03.2018,11:37:31,0:03:00,4.7,280.4,59,167,165,459,0,0,"00:00,0","00:00,0","00:00,0","00:00,0","00:00,0","00:00,0","00:00,0","00:00,0","00:00,0","00:00,0",3.1,10.7,11,6,0,0,0,0,16.8,7,6.2,0.4,0,0,3,0,0,0,0,0,0,11.6,60,4.7,280.4,0,0,0,0,0,59,167,0
21,,14.03.2018,11:38:31,0:04:00,6.7,404.2,71.6,144,239,745,0,0,"00:00,0","00:00,0","00:00,0","00:00,0","00:00,0","00:00,0","00:00,0","00:00,0","00:00,0","00:00,0",3.3,0,0,5,0,0,0,0,0,6,17.2,7.8,8.6,13.2,11,0,0,0,0,73.9,18,12.2,60,6.7,404.2,0,0,0,0,0,71.6,144,0
21,,14.03.2018,11:39:31,0:05:00,6.5,392.8,68,145,240,686,0,0,"00:00,0","00:00,0","00:00,0","00:00,0","00:00,0","00:00,0","00:00,0","00:00,0","00:00,0","00:00,0",10.4,21.6,19.1,7,0,0,0,0,55.9,12,29.2,6.6,11.8,25.1,21,0,0,0,0,31,12,9.8,60,6.5,392.8,0,0,0,0,0,68,145,0
21,,14.03.2018,11:40:31,0:06:00,2.7,162.8,57.1,221,123,158,0,0,"00:00,0","00:00,0","00:00,0","00:00,0","00:00,0","00:00,0","00:00,0","00:00,0","00:00,0","00:00,0",0.5,0,0,2,0,0,0,0,0,1,58.1,0,0,0,0,0,0,0,0,0,0,0,60,2.7,162.8,0,0,0,0,0,57.1,221,0
21,,14.03.2018,11:41:31,0:07:00,5.1,303.2,66.9,200,204,515,0,0,"00:00,0","00:00,0","00:00,0","00:00,0","00:00,0","00:00,0","00:00,0","00:00,0","00:00,0","00:00,0",1.7,12,2.7,3,0,0,0,0,100,2,1.2,0,0,0,0,0,0,0,0,0,0,0,60,5.1,303.2,0,0,0,0,0,66.9,200,0
21,,14.03.2018,11:42:31,0:08:00,6.5,387.8,73.3,168,232,685,0,0,"00:00,0","00:00,0","00:00,0","00:00,0","00:00,0","00:00,0","00:00,0","00:00,0","00:00,0","00:00,0",1.9,4.3,0.8,6,0,0,0,0,100,2,14.4,5.3,5.2,3.2,17,0,0,0,0,45.5,11,1.8,60,6.5,387.8,0,0,0,0,0,73.3,168,0
21,,14.03.2018,11:43:31,0:09:00,4.5,271,59.2,231,141,347,0,0,"00:00,0","00:00,0","00:00,0","00:00,0","00:00,0","00:00,0","00:00,0","00:00,0","00:00,0","00:00,0",13.7,9.6,29,7,0,0,0,0,30.6,39,22.2,2.4,26.3,6.7,8,0,0,0,0,69.6,5,39.7,60,4.5,271,0,0,0,0,0,59.2,231,0
21,,14.03.2018,11:44:31,0:10:00,4.6,277.6,74,207,173,370,0,0,"00:00,0","00:00,0","00:00,0","00:00,0","00:00,0","00:00,0","00:00,0","00:00,0","00:00,0","00:00,0",0.2,0,0,1,0,0,0,0,0,0,31.5,0,0,0,0,0,0,0,0,0,0,0,60,4.6,277.6,0,0,0,0,0,74,207,0
22,,14.03.2018,11:47:39,0:01:00,3.1,186,54.7,213,108,247,0,0,"00:00,0","00:00,0","00:00,0","00:00,0","00:00,0","00:00,0","00:00,0","00:00,0","00:00,0","00:00,0",1.2,0,0,2,0,0,0,0,0,5,50.4,0,0,0,0,0,0,0,0,0,0,0,60,3.1,186,0,0,0,0,0,54.7,213,0
22,,14.03.2018,11:48:39,0:02:00,6.6,397.8,75.8,119,240,737,0,0,"00:00,0","00:00,0","00:00,0","00:00,0","00:00,0","00:00,0","00:00,0","00:00,0","00:00,0","00:00,0",1.6,0,0,6,0,0,0,0,0,4,55.1,0,0,0,0,0,0,0,0,0,0,0,60,6.6,397.8,0,0,0,0,0,75.8,119,0
22,,14.03.2018,11:49:39,0:03:00,4.4,263.6,65,197,172,440,0,0,"00:00,0","00:00,0","00:00,0","00:00,0","00:00,0","00:00,0","00:00,0","00:00,0","00:00,0","00:00,0",0.3,0,0,2,0,0,0,0,0,0,7.1,1.2,0,0,1,0,0,0,0,0,2,58.9,60,4.4,263.6,0,0,0,0,0,65,197,0
22,,14.03.2018,11:50:39,0:04:00,7,419,73,148,302,724,0,0,"00:00,0","00:00,0","00:00,0","00:00,0","00:00,0","00:00,0","00:00,0","00:00,0","00:00,0","00:00,0",3.8,37.6,20.3,6,0,0,0,0,73.3,12,19.8,3.7,20.4,1,8,0,0,0,0,100,8,3.9,60,7,419,0,0,0,0,0,73,148,0
22,,14.03.2018,11:51:39,0:05:00,2.3,135.4,62.1,249,66,44,0,0,"00:00,0","00:00,0","00:00,0","00:00,0","00:00,0","00:00,0","00:00,0","00:00,0","00:00,0","00:00,0",0,0,0,0,0,0,0,0,0,0,0,0,0,0,0,0,0,0,0,0,0,0,60,2.3,135.4,0,0,0,0,0,62.1,249,0
22,,14.03.2018,11:52:39,0:06:00,4,242.3,62.6,221,162,381,0,0,"00:00,0","00:00,0","00:00,0","00:00,0","00:00,0","00:00,0","00:00,0","00:00,0","00:00,0","00:00,0",0.1,0,0,1,0,0,0,0,0,1,44.9,1.5,0,0,1,0,0,0,0,0,1,42.3,60,4,242.3,0,0,0,0,0,62.6,221,0
22,,14.03.2018,11:53:39,0:07:00,6.7,404.3,79.1,141,242,645,0,0,"00:00,0","00:00,0","00:00,0","00:00,0","00:00,0","00:00,0","00:00,0","00:00,0","00:00,0","00:00,0",1.7,9,17.3,5,0,0,0,0,39.4,3,17,3.2,3.2,1.6,7,0,0,0,0,33.1,9,6.6,60,6.7,404.3,0,0,0,0,0,79.1,141,0
22,,14.03.2018,11:54:39,0:08:00,4.7,283.2,63.4,183,183,401,0,0,"00:00,0","00:00,0","00:00,0","00:00,0","00:00,0","00:00,0","00:00,0","00:00,0","00:00,0","00:00,0",3.1,8.9,0.7,4,0,0,0,0,100,12,23.9,6.5,16.1,7.5,13,0,0,0,0,46.4,16,18.1,60,4.7,283.2,0,0,0,0,0,63.4,183,0
22,,14.03.2018,11:55:39,0:09:00,4.2,253.1,73.8,238,121,338,0,0,"00:00,0","00:00,0","00:00,0","00:00,0","00:00,0","00:00,0","00:00,0","00:00,0","00:00,0","00:00,0",0,0,0,0,0,0,0,0,0,0,0,2,0,0,4,0,0,0,0,0,9,55.3,60,4.2,253.1,0,0,0,0,0,73.8,238,0
22,,14.03.2018,11:56:39,0:10:00,4.9,294,72,185,185,493,0,0,"00:00,0","00:00,0","00:00,0","00:00,0","00:00,0","00:00,0","00:00,0","00:00,0","00:00,0","00:00,0",1.3,5.8,0.9,3,0,0,0,0,100,1,2.4,0,0,0,0,0,0,0,0,0,0,0,59.9,4.9,294,0,0,0,0,0,72,185,0
23,,14.03.2018,11:59:37,0:01:00,3.2,189.3,51.8,180,116,281,0,0,"00:00,0","00:00,0","00:00,0","00:00,0","00:00,0","00:00,0","00:00,0","00:00,0","00:00,0","00:00,0",0.2,0,0,5,0,0,0,0,0,1,38.5,0,0,0,0,0,0,0,0,0,0,0,60,3.2,189.3,0,0,0,0,0,51.8,180,0
23,,14.03.2018,12:00:37,0:02:00,4.8,285.5,58.2,192,164,510,0,0,"00:00,0","00:00,0","00:00,0","00:00,0","00:00,0","00:00,0","00:00,0","00:00,0","00:00,0","00:00,0",0.1,0,0,2,0,0,0,0,0,0,29.7,0.1,0,0,1,0,0,0,0,0,0,34.8,60,4.8,285.5,0,0,0,0,0,58.2,192,0
23,,14.03.2018,12:01:37,0:03:00,3.9,236.6,56,231,131,406,0,0,"00:00,0","00:00,0","00:00,0","00:00,0","00:00,0","00:00,0","00:00,0","00:00,0","00:00,0","00:00,0",0,0,0,0,0,0,0,0,0,0,0,0,0,0,0,0,0,0,0,0,0,0,60,3.9,236.6,0,0,0,0,0,56,231,0
23,,14.03.2018,12:02:37,0:04:00,2.8,170.9,48.7,189,118,255,0,0,"00:00,0","00:00,0","00:00,0","00:00,0","00:00,0","00:00,0","00:00,0","00:00,0","00:00,0","00:00,0",0,0,0,0,0,0,0,0,0,0,0,0,0,0,0,0,0,0,0,0,0,0,60,2.8,170.9,0,0,0,0,0,48.7,189,0
23,,14.03.2018,12:03:37,0:05:00,3.9,234,54.7,172,140,428,0,0,"00:00,0","00:00,0","00:00,0","00:00,0","00:00,0","00:00,0","00:00,0","00:00,0","00:00,0","00:00,0",0,0,0,0,0,0,0,0,0,0,0,0.2,0,0,1,0,0,0,0,0,0,21,60,3.9,234,0,0,0,0,0,54.7,172,0
23,,14.03.2018,12:04:37,0:06:00,1.3,79.2,41.1,246,59,30,0,0,"00:00,0","00:00,0","00:00,0","00:00,0","00:00,0","00:00,0","00:00,0","00:00,0","00:00,0","00:00,0",0,0,0,0,0,0,0,0,0,0,0,0,0,0,0,0,0,0,0,0,0,0,60,1.3,79.2,0,0,0,0,0,41.1,246,0
23,,14.03.2018,12:05:37,0:07:00,5.7,340.8,69.6,144,208,579,0,0,"00:00,0","00:00,0","00:00,0","00:00,0","00:00,0","00:00,0","00:00,0","00:00,0","00:00,0","00:00,0",0.1,0,0,2,0,0,0,0,0,0,25.4,0,0,0,0,0,0,0,0,0,0,0,60,5.7,340.8,0,0,0,0,0,69.6,144,0
23,,14.03.2018,12:06:37,0:08:00,3.9,234.5,59.8,231,131,397,0,0,"00:00,0","00:00,0","00:00,0","00:00,0","00:00,0","00:00,0","00:00,0","00:00,0","00:00,0","00:00,0",0,0,0,0,0,0,0,0,0,0,0,0,0,0,0,0,0,0,0,0,0,0,60,3.9,234.5,0,0,0,0,0,59.8,231,0
23,,14.03.2018,12:07:37,0:09:00,4,241.3,58.6,189,137,417,0,0,"00:00,0","00:00,0","00:00,0","00:00,0","00:00,0","00:00,0","00:00,0","00:00,0","00:00,0","00:00,0",0,0,0,0,0,0,0,0,0,0,0,0,0,0,0,0,0,0,0,0,0,0,60,4,241.3,0,0,0,0,0,58.6,189,0
23,,14.03.2018,12:08:37,0:10:00,2.6,158.4,49.7,222,97,174,0,0,"00:00,0","00:00,0","00:00,0","00:00,0","00:00,0","00:00,0","00:00,0","00:00,0","00:00,0","00:00,0",0,0,0,0,0,0,0,0,0,0,0,0,0,0,0,0,0,0,0,0,0,0,60,2.6,158.4,0,0,0,0,0,49.7,222,0
24,,14.03.2018,12:11:52,0:01:00,3.1,184.7,62.7,227,86,201,0,0,"00:00,0","00:00,0","00:00,0","00:00,0","00:00,0","00:00,0","00:00,0","00:00,0","00:00,0","00:00,0",0,0,0,0,0,0,0,0,0,0,0,0.5,0,0,2,0,0,0,0,0,1,34.2,60,3.1,184.7,0,0,0,0,0,62.7,227,0
24,,14.03.2018,12:12:52,0:02:00,4.5,268.5,62.6,190,208,575,0,0,"00:00,0","00:00,0","00:00,0","00:00,0","00:00,0","00:00,0","00:00,0","00:00,0","00:00,0","00:00,0",0,0,0,1,0,0,0,0,0,0,17.9,0,0,0,0,0,0,0,0,0,0,0,60,4.5,268.5,0,0,0,0,0,62.6,190,0
24,,14.03.2018,12:13:52,0:03:00,6.7,404.6,79.3,182,251,717,0,0,"00:00,0","00:00,0","00:00,0","00:00,0","00:00,0","00:00,0","00:00,0","00:00,0","00:00,0","00:00,0",3.8,0,0,12,0,0,0,0,0,12,4.7,0,0,0,0,0,0,0,0,0,0,0,60,6.7,404.6,0,0,0,0,0,79.3,182,0
24,,14.03.2018,12:14:52,0:04:00,2,122.3,56.1,265,97,101,0,0,"00:00,0","00:00,0","00:00,0","00:00,0","00:00,0","00:00,0","00:00,0","00:00,0","00:00,0","00:00,0",0,0,0,0,0,0,0,0,0,0,0,0,0,0,0,0,0,0,0,0,0,0,60,2,122.3,0,0,0,0,0,56.1,265,0
24,,14.03.2018,12:15:52,0:05:00,5.5,329.8,75.8,173,209,588,0,0,"00:00,0","00:00,0","00:00,0","00:00,0","00:00,0","00:00,0","00:00,0","00:00,0","00:00,0","00:00,0",5.7,0,0,16,0,0,0,0,0,18,7.8,0.8,0,0,3,0,0,0,0,0,0,18.1,60,5.5,329.8,0,0,0,0,0,75.8,173,0
24,,14.03.2018,12:16:52,0:06:00,2.8,166.5,59.5,264,132,158,0,0,"00:00,0","00:00,0","00:00,0","00:00,0","00:00,0","00:00,0","00:00,0","00:00,0","00:00,0","00:00,0",0,0,0,0,0,0,0,0,0,0,0,0,0,0,0,0,0,0,0,0,0,0,60,2.8,166.5,0,0,0,0,0,59.5,264,0
24,,14.03.2018,12:17:52,0:07:00,1.6,97.4,41.1,286,91,90,0,0,"00:00,0","00:00,0","00:00,0","00:00,0","00:00,0","00:00,0","00:00,0","00:00,0","00:00,0","00:00,0",0,0,0,0,0,0,0,0,0,0,0,0,0,0,0,0,0,0,0,0,0,0,60,1.6,97.4,0,0,0,0,0,41.1,286,0
24,,14.03.2018,12:18:52,0:08:00,5.2,310.4,68.6,170,183,457,0,0,"00:00,0","00:00,0","00:00,0","00:00,0","00:00,0","00:00,0","00:00,0","00:00,0","00:00,0","00:00,0",6.3,5.7,3.9,11,0,0,0,0,91.5,9,1.8,5.6,21.8,14.1,10,0,0,0,0,66,16,3.8,60,5.2,310.4,0,0,0,0,0,68.6,170,0
24,,14.03.2018,12:19:52,0:09:00,1.4,82.8,44.6,270,43,16,0,0,"00:00,0","00:00,0","00:00,0","00:00,0","00:00,0","00:00,0","00:00,0","00:00,0","00:00,0","00:00,0",0,0,0,0,0,0,0,0,0,0,0,0,0,0,0,0,0,0,0,0,0,0,60,1.4,82.8,0,0,0,0,0,44.6,270,0
24,,14.03.2018,12:20:52,0:10:00,4.7,280.1,73.4,191,168,425,0,0,"00:00,0","00:00,0","00:00,0","00:00,0","00:00,0","00:00,0","00:00,0","00:00,0","00:00,0","00:00,0",3.1,2.7,1.5,4,0,0,0,0,79.9,10,44.2,0.4,0,0,1,0,0,0,0,0,0,37.6,60,4.7,280.1,0,0,0,0,0,73.4,191,0
25,,14.03.2018,12:23:47,0:01:00,5.6,337.4,72.4,193,185,550,0,0,"00:00,0","00:00,0","00:00,0","00:00,0","00:00,0","00:00,0","00:00,0","00:00,0","00:00,0","00:00,0",0,0,0,0,0,0,0,0,0,0,0,0.8,0,0,3,0,0,0,0,0,4,13.2,60,5.6,337.4,0,0,0,0,0,72.4,193,0
25,,14.03.2018,12:24:47,0:02:00,10,600.2,90.3,97,379,1282,0,0,"00:00,0","00:00,0","00:00,0","00:00,0","00:00,0","00:00,0","00:00,0","00:00,0","00:00,0","00:00,0",4.7,0,0,13,0,0,0,0,0,14,0.1,2.2,0,0,2,0,0,0,0,0,8,2.2,60,10,600.2,0,0,0,0,0,90.3,97,0
25,,14.03.2018,12:25:47,0:03:00,3.5,208.7,67.8,252,106,241,0,0,"00:00,0","00:00,0","00:00,0","00:00,0","00:00,0","00:00,0","00:00,0","00:00,0","00:00,0","00:00,0",0,0,0,0,0,0,0,0,0,0,0,0.2,0,0,1,0,0,0,0,0,0,4.3,60,3.5,208.7,0,0,0,0,0,67.8,252,0
25,,14.03.2018,12:26:47,0:04:00,8.4,502.9,83.9,113,320,1006,0,0,"00:00,0","00:00,0","00:00,0","00:00,0","00:00,0","00:00,0","00:00,0","00:00,0","00:00,0","00:00,0",8,4.3,4.8,18,0,0,0,0,60.8,10,7.2,5.5,12.6,4.9,16,0,0,0,0,83.6,14,35.9,60,8.4,502.9,0,0,0,0,0,83.9,113,0
25,,14.03.2018,12:27:47,0:05:00,6.3,380.7,77.3,149,252,692,0,0,"00:00,0","00:00,0","00:00,0","00:00,0","00:00,0","00:00,0","00:00,0","00:00,0","00:00,0","00:00,0",2.9,12.2,12.7,13,0,0,0,0,75.5,4,0.3,5,7.6,10,8,0,0,0,0,46.3,13,6.5,60,6.3,380.7,0,0,0,0,0,77.3,149,0
25,,14.03.2018,12:28:47,0:06:00,6.4,381.5,75.5,188,213,684,0,0,"00:00,0","00:00,0","00:00,0","00:00,0","00:00,0","00:00,0","00:00,0","00:00,0","00:00,0","00:00,0",2.7,0,0,4,0,0,0,0,0,3,14.1,0.3,0,0,1,0,0,0,0,0,0,12,60,6.4,381.5,0,0,0,0,0,75.5,188,0
25,,14.03.2018,12:29:47,0:07:00,7.6,458.7,80.9,157,279,811,0,0,"00:00,0","00:00,0","00:00,0","00:00,0","00:00,0","00:00,0","00:00,0","00:00,0","00:00,0","00:00,0",1.7,4.5,1.7,5,0,0,0,0,82.9,2,44,10.3,8.1,8.4,25,0,0,0,0,58.5,17,13.7,60,7.6,458.7,0,0,0,0,0,80.9,157,0
25,,14.03.2018,12:30:47,0:08:00,2.2,130.8,50.5,257,103,159,0,0,"00:00,0","00:00,0","00:00,0","00:00,0","00:00,0","00:00,0","00:00,0","00:00,0","00:00,0","00:00,0",0.2,0,0,0,0,0,0,0,0,0,0,1.7,0,0,1,0,0,0,0,0,4,1.1,60,2.2,130.8,0,0,0,0,0,50.5,257,0
25,,14.03.2018,12:31:47,0:09:00,6.8,406.2,73.2,158,236,734,0,0,"00:00,0","00:00,0","00:00,0","00:00,0","00:00,0","00:00,0","00:00,0","00:00,0","00:00,0","00:00,0",3.1,16.3,5.7,5,0,0,0,0,86.5,3,11.4,5.3,1.6,2.8,3,0,0,0,0,22.4,5,4.5,60,6.8,406.2,0,0,0,0,0,73.2,158,0
25,,14.03.2018,12:32:47,0:10:00,2.3,140.6,58.1,276,114,160,0,0,"00:00,0","00:00,0","00:00,0","00:00,0","00:00,0","00:00,0","00:00,0","00:00,0","00:00,0","00:00,0",0,0,0,0,0,0,0,0,0,0,0,2,6.7,2.9,5,0,0,0,0,52.1,6,25.3,60,2.3,140.6,0,0,0,0,0,58.1,276,0
26,,14.03.2018,15:28:18,0:01:00,7.3,435.3,75.6,149,248,822,0,0,"00:00,0","00:00,0","00:00,0","00:00,0","00:00,0","00:00,0","00:00,0","00:00,0","00:00,0","00:00,0",0,0,0,1,0,0,0,0,0,0,2.2,0.4,0,0,4,0,0,0,0,0,1,54,60,7.3,435.3,0,0,0,0,0,75.6,149,0
26,,14.03.2018,15:29:18,0:02:00,2.2,129.7,53,223,72,81,0,0,"00:00,0","00:00,0","00:00,0","00:00,0","00:00,0","00:00,0","00:00,0","00:00,0","00:00,0","00:00,0",0,0,0,0,0,0,0,0,0,0,0,0,0,0,0,0,0,0,0,0,0,0,60,2.2,129.7,0,0,0,0,0,53,223,0
26,,14.03.2018,15:30:18,0:03:00,12.7,761.7,84.8,127,442,1668,0,0,"00:00,0","00:00,0","00:00,0","00:00,0","00:00,0","00:00,0","00:00,0","00:00,0","00:00,0","00:00,0",4.4,3.2,3.1,6,0,0,0,0,39.2,15,19.7,1,0,0,8,0,0,0,0,0,3,16.7,60,12.7,761.7,0,0,0,0,0,84.8,127,0
26,,14.03.2018,15:31:18,0:04:00,11.5,689.4,84.4,98,458,1495,0,0,"00:00,0","00:00,0","00:00,0","00:00,0","00:00,0","00:00,0","00:00,0","00:00,0","00:00,0","00:00,0",2.3,0,0,8,0,0,0,0,0,3,0.7,3.4,3.3,1.9,8,0,0,0,0,29.7,5,5.7,60,11.5,689.4,0,0,0,0,0,84.4,98,0
26,,14.03.2018,15:32:18,0:05:00,5.1,308.2,62.7,191,204,541,0,0,"00:00,0","00:00,0","00:00,0","00:00,0","00:00,0","00:00,0","00:00,0","00:00,0","00:00,0","00:00,0",1.1,0,0,3,0,0,0,0,0,2,45.2,0,0,0,0,0,0,0,0,0,0,0,60,5.1,308.2,0,0,0,0,0,62.7,191,0
26,,14.03.2018,15:33:18,0:06:00,4.9,295.7,61.5,203,182,547,0,0,"00:00,0","00:00,0","00:00,0","00:00,0","00:00,0","00:00,0","00:00,0","00:00,0","00:00,0","00:00,0",0,0,0,0,0,0,0,0,0,0,0,0.2,0,0,2,0,0,0,0,0,0,11.8,60,4.9,295.7,0,0,0,0,0,61.5,203,0
26,,14.03.2018,15:34:18,0:07:00,9.2,551.7,83.5,119,347,1065,0,0,"00:00,0","00:00,0","00:00,0","00:00,0","00:00,0","00:00,0","00:00,0","00:00,0","00:00,0","00:00,0",4,16.6,19.9,12,0,0,0,0,77.3,6,20.8,1.1,12.7,3,2,0,0,0,0,67.4,1,18,60,9.2,551.7,0,0,0,0,0,83.5,119,0
26,,14.03.2018,15:35:18,0:08:00,11.7,704.7,87.6,116,416,1503,0,0,"00:00,0","00:00,0","00:00,0","00:00,0","00:00,0","00:00,0","00:00,0","00:00,0","00:00,0","00:00,0",3.5,6.4,6.7,6,0,0,0,0,45.3,7,1.1,5.6,70.5,15.6,11,0,0,0,0,100,17,22,60,11.7,704.7,0,0,0,0,0,87.6,116,0
26,,14.03.2018,15:36:18,0:09:00,5.8,346.6,72,175,230,601,0,0,"00:00,0","00:00,0","00:00,0","00:00,0","00:00,0","00:00,0","00:00,0","00:00,0","00:00,0","00:00,0",1.2,0,0,2,0,0,0,0,0,2,12.6,0.2,0,0,2,0,0,0,0,0,0,51.9,60,5.8,346.6,0,0,0,0,0,72,175,0
26,,14.03.2018,15:37:18,0:10:00,9.2,553,81.6,149,358,1078,0,0,"00:00,0","00:00,0","00:00,0","00:00,0","00:00,0","00:00,0","00:00,0","00:00,0","00:00,0","00:00,0",6,74.2,26.1,8,0,0,0,0,88.6,14,20.8,1.4,63.5,2,3,0,0,0,0,100,3,7.2,59.9,9.2,553,0,0,0,0,0,81.6,149,0
51,,14.03.2018,9:38:33,0:01:00,8.7,521.1,86.8,104,306,1038,0,0,"00:00,0","00:00,0","00:00,0","00:00,0","00:00,0","00:00,0","00:00,0","00:00,0","00:00,0","00:00,0",0.7,0,0,2,0,0,0,0,0,2,35.2,1.1,0,0,2,0,0,0,0,0,4,10.2,60,8.7,521.1,0,0,0,0,0,86.8,104,0
51,,14.03.2018,9:39:33,0:02:00,4.7,282.2,73.9,168,174,447,0,0,"00:00,0","00:00,0","00:00,0","00:00,0","00:00,0","00:00,0","00:00,0","00:00,0","00:00,0","00:00,0",0.4,0,0,1,0,0,0,0,0,2,14.1,0.6,0,0,2,0,0,0,0,0,2,8.5,60,4.7,282.2,0,0,0,0,0,73.9,168,0
51,,14.03.2018,9:40:33,0:03:00,4.2,252.7,62.3,142,159,427,0,0,"00:00,0","00:00,0","00:00,0","00:00,0","00:00,0","00:00,0","00:00,0","00:00,0","00:00,0","00:00,0",1.4,0,0,5,0,0,0,0,0,6,3.9,0.5,0,0,1,0,0,0,0,0,1,2.3,60,4.2,252.7,0,0,0,0,0,62.3,142,0
51,,14.03.2018,9:41:33,0:04:00,4.9,296.2,69.9,178,176,552,0,0,"00:00,0","00:00,0","00:00,0","00:00,0","00:00,0","00:00,0","00:00,0","00:00,0","00:00,0","00:00,0",0.3,0,0,1,0,0,0,0,0,1,53.7,0.4,0,0,1,0,0,0,0,0,2,49.2,60,4.9,296.2,0,0,0,0,0,69.9,178,0
51,,14.03.2018,9:42:33,0:05:00,2.1,127.6,59.8,289,104,65,0,0,"00:00,0","00:00,0","00:00,0","00:00,0","00:00,0","00:00,0","00:00,0","00:00,0","00:00,0","00:00,0",0,0,0,0,0,0,0,0,0,0,0,0,0,0,0,0,0,0,0,0,0,0,60,2.1,127.6,0,0,0,0,0,59.8,289,0
51,,14.03.2018,9:43:33,0:06:00,5.4,322.7,68.5,201,179,567,0,0,"00:00,0","00:00,0","00:00,0","00:00,0","00:00,0","00:00,0","00:00,0","00:00,0","00:00,0","00:00,0",0.3,0,0,2,0,0,0,0,0,1,21.7,1.1,0,0,7,0,0,0,0,0,4,20.4,60,5.4,322.7,0,0,0,0,0,68.5,201,0
51,,14.03.2018,9:44:33,0:07:00,2,121.5,51.3,265,86,123,0,0,"00:00,0","00:00,0","00:00,0","00:00,0","00:00,0","00:00,0","00:00,0","00:00,0","00:00,0","00:00,0",0,0,0,0,0,0,0,0,0,0,0,0,0,0,0,0,0,0,0,0,0,0,60,2,121.5,0,0,0,0,0,51.3,265,0
51,,14.03.2018,9:45:33,0:08:00,4.9,292.7,74.3,178,186,504,0,0,"00:00,0","00:00,0","00:00,0","00:00,0","00:00,0","00:00,0","00:00,0","00:00,0","00:00,0","00:00,0",0.4,0,0,1,0,0,0,0,0,2,43.4,0.4,0,0,1,0,0,0,0,0,2,4,60,4.9,292.7,0,0,0,0,0,74.3,178,0
51,,14.03.2018,9:46:33,0:09:00,3,177.4,69.3,249,103,164,0,0,"00:00,0","00:00,0","00:00,0","00:00,0","00:00,0","00:00,0","00:00,0","00:00,0","00:00,0","00:00,0",0,0,0,0,0,0,0,0,0,0,0,0,0,0,0,0,0,0,0,0,0,0,60,3,177.4,0,0,0,0,0,69.3,249,0
51,,14.03.2018,9:47:33,0:10:00,5.6,332.8,73.9,179,206,612,0,0,"00:00,0","00:00,0","00:00,0","00:00,0","00:00,0","00:00,0","00:00,0","00:00,0","00:00,0","00:00,0",0.3,0,0,2,0,0,0,0,0,1,53.6,0,0,0,0,0,0,0,0,0,0,0,60,5.6,332.8,0,0,0,0,0,73.9,179,0
52,,14.03.2018,9:51:25,0:01:00,6.1,363.3,74.7,183,210,624,0,0,"00:00,0","00:00,0","00:00,0","00:00,0","00:00,0","00:00,0","00:00,0","00:00,0","00:00,0","00:00,0",0.7,0,0,2,0,0,0,0,0,6,7.3,0.9,0,0,3,0,0,0,0,0,5,39.3,60,6.1,363.3,0,0,0,0,0,74.7,183,0
52,,14.03.2018,9:52:25,0:02:00,7.5,447.7,85.4,126,253,853,0,0,"00:00,0","00:00,0","00:00,0","00:00,0","00:00,0","00:00,0","00:00,0","00:00,0","00:00,0","00:00,0",1.8,0,0,4,0,0,0,0,0,7,21,2,0,0,7,0,0,0,0,0,8,16.4,60,7.5,447.7,0,0,0,0,0,85.4,126,0
52,,14.03.2018,9:53:25,0:03:00,3.6,216.7,63.4,239,135,301,0,0,"00:00,0","00:00,0","00:00,0","00:00,0","00:00,0","00:00,0","00:00,0","00:00,0","00:00,0","00:00,0",0,0,0,0,0,0,0,0,0,0,0,0,0,0,0,0,0,0,0,0,0,0,60,3.6,216.7,0,0,0,0,0,63.4,239,0
52,,14.03.2018,9:54:25,0:04:00,7,420.9,80.6,153,258,840,0,0,"00:00,0","00:00,0","00:00,0","00:00,0","00:00,0","00:00,0","00:00,0","00:00,0","00:00,0","00:00,0",3.9,0,0,7,0,0,0,0,0,12,9.9,1.3,0,0,3,0,0,0,0,0,5,17.9,60,7,420.9,0,0,0,0,0,80.6,153,0
52,,14.03.2018,9:55:25,0:05:00,4.1,243.5,69,199,137,370,0,0,"00:00,0","00:00,0","00:00,0","00:00,0","00:00,0","00:00,0","00:00,0","00:00,0","00:00,0","00:00,0",0,0,0,0,0,0,0,0,0,0,0,0.6,0,0,2,0,0,0,0,0,3,31.5,60,4.1,243.5,0,0,0,0,0,69,199,0
52,,14.03.2018,9:56:25,0:06:00,2.8,167.7,52.6,246,141,263,0,0,"00:00,0","00:00,0","00:00,0","00:00,0","00:00,0","00:00,0","00:00,0","00:00,0","00:00,0","00:00,0",1.1,0,0,1,0,0,0,0,0,5,57.7,1.3,0,0,1,0,0,0,0,0,5,52.2,60,2.8,167.7,0,0,0,0,0,52.6,246,0
52,,14.03.2018,9:57:25,0:07:00,4.6,275.8,67.9,202,149,472,0,0,"00:00,0","00:00,0","00:00,0","00:00,0","00:00,0","00:00,0","00:00,0","00:00,0","00:00,0","00:00,0",0.6,0,0,2,0,0,0,0,0,2,0.4,0,0,0,0,0,0,0,0,0,0,0,60,4.6,275.8,0,0,0,0,0,67.9,202,0
52,,14.03.2018,9:58:25,0:08:00,5.4,324.3,76.4,195,218,606,0,0,"00:00,0","00:00,0","00:00,0","00:00,0","00:00,0","00:00,0","00:00,0","00:00,0","00:00,0","00:00,0",2.2,0,0,6,0,0,0,0,0,6,8.7,0.5,0,0,1,0,0,0,0,0,1,25.7,60,5.4,324.3,0,0,0,0,0,76.4,195,0
52,,14.03.2018,9:59:25,0:09:00,4,238.3,68.9,247,144,362,0,0,"00:00,0","00:00,0","00:00,0","00:00,0","00:00,0","00:00,0","00:00,0","00:00,0","00:00,0","00:00,0",0.6,0,0,2,0,0,0,0,0,2,27.7,0.5,0,0,1,0,0,0,0,0,0,25.5,60,4,238.3,0,0,0,0,0,68.9,247,0
52,,14.03.2018,10:00:25,0:10:00,2.1,124.9,62.1,295,18,36,0,0,"00:00,0","00:00,0","00:00,0","00:00,0","00:00,0","00:00,0","00:00,0","00:00,0","00:00,0","00:00,0",0,0,0,0,0,0,0,0,0,0,0,0,0,0,0,0,0,0,0,0,0,0,60,2.1,124.9,0,0,0,0,0,62.1,295,0
53,,14.03.2018,10:03:23,0:01:00,4.1,246.3,59,218,143,411,0,0,"00:00,0","00:00,0","00:00,0","00:00,0","00:00,0","00:00,0","00:00,0","00:00,0","00:00,0","00:00,0",0,0,0,0,0,0,0,0,0,0,0,0.5,0,0,1,0,0,0,0,0,3,8.8,60,4.1,246.3,0,0,0,0,0,59,218,0
53,,14.03.2018,10:04:23,0:02:00,2.7,162,52,221,101,232,0,0,"00:00,0","00:00,0","00:00,0","00:00,0","00:00,0","00:00,0","00:00,0","00:00,0","00:00,0","00:00,0",0.8,0,0,2,0,0,0,0,0,4,3,0,0,0,0,0,0,0,0,0,0,0,60,2.7,162,0,0,0,0,0,52,221,0
53,,14.03.2018,10:05:23,0:03:00,6.1,364.2,71.4,167,215,650,0,0,"00:00,0","00:00,0","00:00,0","00:00,0","00:00,0","00:00,0","00:00,0","00:00,0","00:00,0","00:00,0",0.6,0,0,2,0,0,0,0,0,1,17.8,0.6,0,0,2,0,0,0,0,0,2,13.5,60,6.1,364.2,0,0,0,0,0,71.4,167,0
53,,14.03.2018,10:06:23,0:04:00,5.9,356.7,74.5,170,222,658,0,0,"00:00,0","00:00,0","00:00,0","00:00,0","00:00,0","00:00,0","00:00,0","00:00,0","00:00,0","00:00,0",3.4,0,0,5,0,0,0,0,0,15,14,2.1,0,0,5,0,0,0,0,0,8,12.5,60,5.9,356.7,0,0,0,0,0,74.5,170,0
53,,14.03.2018,10:07:23,0:05:00,2.2,131.6,46.9,256,77,122,0,0,"00:00,0","00:00,0","00:00,0","00:00,0","00:00,0","00:00,0","00:00,0","00:00,0","00:00,0","00:00,0",4.8,27.5,14.7,7,0,0,0,0,36,17,46.4,0,0,0,0,0,0,0,0,0,0,0,60,2.2,131.6,0,0,0,0,0,46.9,256,0
53,,14.03.2018,10:08:23,0:06:00,2.5,152.4,57.3,272,87,132,0,0,"00:00,0","00:00,0","00:00,0","00:00,0","00:00,0","00:00,0","00:00,0","00:00,0","00:00,0","00:00,0",2,36.7,17.8,4,0,0,0,0,100,6,1.5,0,0,0,0,0,0,0,0,0,0,0,60,2.5,152.4,0,0,0,0,0,57.3,272,0
53,,14.03.2018,10:09:23,0:07:00,1.7,103.9,55.2,318,57,22,0,0,"00:00,0","00:00,0","00:00,0","00:00,0","00:00,0","00:00,0","00:00,0","00:00,0","00:00,0","00:00,0",0.2,0,0,1,0,0,0,0,0,0,7.8,0,0,0,0,0,0,0,0,0,0,0,60,1.7,103.9,0,0,0,0,0,55.2,318,0
53,,14.03.2018,10:10:23,0:08:00,2.9,176.4,59.3,259,70,197,0,0,"00:00,0","00:00,0","00:00,0","00:00,0","00:00,0","00:00,0","00:00,0","00:00,0","00:00,0","00:00,0",1.2,0,0,2,0,0,0,0,0,4,3,2.5,0,0,3,0,0,0,0,0,7,51,60,2.9,176.4,0,0,0,0,0,59.3,259,0
53,,14.03.2018,10:11:23,0:09:00,4.1,248.6,69,211,154,392,0,0,"00:00,0","00:00,0","00:00,0","00:00,0","00:00,0","00:00,0","00:00,0","00:00,0","00:00,0","00:00,0",2.8,24.4,7.9,6,0,0,0,0,57.6,4,16.9,0.3,0,0,1,0,0,0,0,0,0,33.6,60,4.1,248.6,0,0,0,0,0,69,211,0
53,,14.03.2018,10:12:23,0:10:00,1.7,99,47.6,294,27,65,0,0,"00:00,0","00:00,0","00:00,0","00:00,0","00:00,0","00:00,0","00:00,0","00:00,0","00:00,0","00:00,0",0,0,0,0,0,0,0,0,0,0,0,0.5,0,0,1,0,0,0,0,0,1,50.4,60,1.7,99,0,0,0,0,0,47.6,294,0
54,,14.03.2018,10:15:32,0:01:00,9.2,552.5,87.9,84,340,1156,0,0,"00:00,0","00:00,0","00:00,0","00:00,0","00:00,0","00:00,0","00:00,0","00:00,0","00:00,0","00:00,0",2.8,0,0,6,0,0,0,0,0,13,1.6,1.5,0,0,8,0,0,0,0,0,7,4.4,60,9.2,552.5,0,0,0,0,0,87.9,84,0
54,,14.03.2018,10:16:32,0:02:00,8,480.7,85.4,146,293,1004,0,0,"00:00,0","00:00,0","00:00,0","00:00,0","00:00,0","00:00,0","00:00,0","00:00,0","00:00,0","00:00,0",4.9,0,0,10,0,0,0,0,0,21,3.1,2.4,0,0,3,0,0,0,0,0,7,36.4,60,8,480.7,0,0,0,0,0,85.4,146,0
54,,14.03.2018,10:17:32,0:03:00,5.8,347.5,75.2,147,216,642,0,0,"00:00,0","00:00,0","00:00,0","00:00,0","00:00,0","00:00,0","00:00,0","00:00,0","00:00,0","00:00,0",2.1,0,0,6,0,0,0,0,0,4,27,2,0,0,3,0,0,0,0,0,9,18.1,60,5.8,347.5,0,0,0,0,0,75.2,147,0
54,,14.03.2018,10:18:32,0:04:00,10.1,604.1,85.8,98,390,1306,0,0,"00:00,0","00:00,0","00:00,0","00:00,0","00:00,0","00:00,0","00:00,0","00:00,0","00:00,0","00:00,0",3.6,7.2,9.2,4,0,0,0,0,56.3,13,11.7,4.9,3.1,4,12,0,0,0,0,27.8,9,32.7,60,10.1,604.1,0,0,0,0,0,85.8,98,0
54,,14.03.2018,10:19:32,0:05:00,8.9,534.4,83.9,134,325,1023,0,0,"00:00,0","00:00,0","00:00,0","00:00,0","00:00,0","00:00,0","00:00,0","00:00,0","00:00,0","00:00,0",2.6,0,0,3,0,0,0,0,0,4,0.1,0.7,0,0,3,0,0,0,0,0,3,3.9,60,8.9,534.4,0,0,0,0,0,83.9,134,0
54,,14.03.2018,10:20:32,0:06:00,8,479.9,76.8,109,295,1007,0,0,"00:00,0","00:00,0","00:00,0","00:00,0","00:00,0","00:00,0","00:00,0","00:00,0","00:00,0","00:00,0",16.8,5.8,14.4,12,0,0,0,0,54.4,34,4.6,1,39.2,5.9,4,0,0,0,0,100,2,15.1,60,8,479.9,0,0,0,0,0,76.8,109,0
54,,14.03.2018,10:21:32,0:07:00,2,122.8,53.6,258,91,114,0,0,"00:00,0","00:00,0","00:00,0","00:00,0","00:00,0","00:00,0","00:00,0","00:00,0","00:00,0","00:00,0",0.2,0,0,1,0,0,0,0,0,0,0.1,0,0,0,0,0,0,0,0,0,0,0,60,2,122.8,0,0,0,0,0,53.6,258,0
54,,14.03.2018,10:22:32,0:08:00,2.6,158.3,58.3,249,103,188,0,0,"00:00,0","00:00,0","00:00,0","00:00,0","00:00,0","00:00,0","00:00,0","00:00,0","00:00,0","00:00,0",4.5,19.3,9.2,7,0,0,0,0,76.8,15,9,0,0,0,0,0,0,0,0,0,0,0,60,2.6,158.3,0,0,0,0,0,58.3,249,0
54,,14.03.2018,10:23:32,0:09:00,7.5,452.2,79.6,137,305,936,0,0,"00:00,0","00:00,0","00:00,0","00:00,0","00:00,0","00:00,0","00:00,0","00:00,0","00:00,0","00:00,0",2.2,7.5,1.9,6,0,0,0,0,70.2,2,34.5,2.9,6.6,6.3,1,0,0,0,0,41,5,31.2,60,7.5,452.2,0,0,0,0,0,79.6,137,0
54,,14.03.2018,10:24:32,0:10:00,5,298.8,72.8,220,158,433,0,0,"00:00,0","00:00,0","00:00,0","00:00,0","00:00,0","00:00,0","00:00,0","00:00,0","00:00,0","00:00,0",0,0,0,0,0,0,0,0,0,0,0,0,0,0,0,0,0,0,0,0,0,0,60,5,298.8,0,0,0,0,0,72.8,220,0
55,,14.03.2018,10:27:48,0:01:00,4.4,261.6,62.9,200,188,438,0,0,"00:00,0","00:00,0","00:00,0","00:00,0","00:00,0","00:00,0","00:00,0","00:00,0","00:00,0","00:00,0",2.8,0,0,2,0,0,0,0,0,14,8.3,0,0,0,0,0,0,0,0,0,0,0,60,4.4,261.6,0,0,0,0,0,62.9,200,0
55,,14.03.2018,10:28:48,0:02:00,5.6,333.4,68.2,177,207,639,0,0,"00:00,0","00:00,0","00:00,0","00:00,0","00:00,0","00:00,0","00:00,0","00:00,0","00:00,0","00:00,0",1.5,0,0,4,0,0,0,0,0,6,12.5,1.4,0,0,2,0,0,0,0,0,5,20.9,60,5.6,333.4,0,0,0,0,0,68.2,177,0
55,,14.03.2018,10:29:48,0:03:00,3.8,228.5,59.7,213,131,356,0,0,"00:00,0","00:00,0","00:00,0","00:00,0","00:00,0","00:00,0","00:00,0","00:00,0","00:00,0","00:00,0",0.6,0,0,2,0,0,0,0,0,1,53.4,0.8,0,0,2,0,0,0,0,0,6,51,60,3.8,228.5,0,0,0,0,0,59.7,213,0
55,,14.03.2018,10:30:48,0:04:00,5.6,338.5,70.7,180,205,639,0,0,"00:00,0","00:00,0","00:00,0","00:00,0","00:00,0","00:00,0","00:00,0","00:00,0","00:00,0","00:00,0",4.1,0,0,5,0,0,0,0,0,20,10.4,2.5,0,0,3,0,0,0,0,0,11,1.1,60,5.6,338.5,0,0,0,0,0,70.7,180,0
55,,14.03.2018,10:31:48,0:05:00,5.4,326.5,75.9,140,212,626,0,0,"00:00,0","00:00,0","00:00,0","00:00,0","00:00,0","00:00,0","00:00,0","00:00,0","00:00,0","00:00,0",3.1,0,0,4,0,0,0,0,0,6,25.3,4.5,0,0,8,0,0,0,0,0,17,34.9,60,5.4,326.5,0,0,0,0,0,75.9,140,0
55,,14.03.2018,10:32:48,0:06:00,5,301.8,73.6,188,169,526,0,0,"00:00,0","00:00,0","00:00,0","00:00,0","00:00,0","00:00,0","00:00,0","00:00,0","00:00,0","00:00,0",3.3,11.4,1.3,6,0,0,0,0,100,11,46.6,4.1,0,0,10,0,0,0,0,0,17,33.8,60,5,301.8,0,0,0,0,0,73.6,188,0
55,,14.03.2018,10:33:48,0:07:00,4.3,257.6,72,189,159,426,0,0,"00:00,0","00:00,0","00:00,0","00:00,0","00:00,0","00:00,0","00:00,0","00:00,0","00:00,0","00:00,0",0,0,0,0,0,0,0,0,0,0,0,1.3,0,0,2,0,0,0,0,0,3,0.2,60,4.3,257.6,0,0,0,0,0,72,189,0
55,,14.03.2018,10:34:48,0:08:00,1.8,105.6,43.4,211,71,105,0,0,"00:00,0","00:00,0","00:00,0","00:00,0","00:00,0","00:00,0","00:00,0","00:00,0","00:00,0","00:00,0",0,0,0,0,0,0,0,0,0,0,0,0,0,0,0,0,0,0,0,0,0,0,60,1.8,105.6,0,0,0,0,0,43.4,211,0
55,,14.03.2018,10:35:48,0:09:00,5.1,303.4,72.1,174,205,610,0,0,"00:00,0","00:00,0","00:00,0","00:00,0","00:00,0","00:00,0","00:00,0","00:00,0","00:00,0","00:00,0",0.8,0,0,3,0,0,0,0,0,0,23.2,3.3,0,0,8,0,0,0,0,0,7,26.3,60,5.1,303.4,0,0,0,0,0,72.1,174,0
55,,14.03.2018,10:36:48,0:10:00,4.9,291,64.4,169,196,460,0,0,"00:00,0","00:00,0","00:00,0","00:00,0","00:00,0","00:00,0","00:00,0","00:00,0","00:00,0","00:00,0",12.5,3.2,21.4,16,0,0,0,0,25.5,20,27.4,0,0,0,0,0,0,0,0,0,0,0,60,4.9,291,0,0,0,0,0,64.4,169,0
82,,14.03.2018,15:16:23,0:01:00,8.8,526.2,83.9,105,310,1017,0,0,"00:00,0","00:00,0","00:00,0","00:00,0","00:00,0","00:00,0","00:00,0","00:00,0","00:00,0","00:00,0",0.9,0,0,2,0,0,0,0,0,1,5.9,1.1,0,0,2,0,0,0,0,0,4,11.3,60,8.8,526.2,0,0,0,0,0,83.9,105,0
82,,14.03.2018,15:17:23,0:02:00,4.4,266.4,62.1,182,167,455,0,0,"00:00,0","00:00,0","00:00,0","00:00,0","00:00,0","00:00,0","00:00,0","00:00,0","00:00,0","00:00,0",0,0,0,0,0,0,0,0,0,0,0,0,0,0,0,0,0,0,0,0,0,0,60,4.4,266.4,0,0,0,0,0,62.1,182,0
82,,14.03.2018,15:18:23,0:03:00,5.2,314.3,74.5,185,166,470,0,0,"00:00,0","00:00,0","00:00,0","00:00,0","00:00,0","00:00,0","00:00,0","00:00,0","00:00,0","00:00,0",0.1,0,0,1,0,0,0,0,0,0,47.5,0,0,0,0,0,0,0,0,0,0,0,60,5.2,314.3,0,0,0,0,0,74.5,185,0
82,,14.03.2018,15:19:23,0:04:00,6.1,367.9,74.3,145,218,666,0,0,"00:00,0","00:00,0","00:00,0","00:00,0","00:00,0","00:00,0","00:00,0","00:00,0","00:00,0","00:00,0",0,0,0,0,0,0,0,0,0,0,0,0,0,0,0,0,0,0,0,0,0,0,60,6.1,367.9,0,0,0,0,0,74.3,145,0
82,,14.03.2018,15:20:23,0:05:00,4,240.6,57.5,195,149,406,0,0,"00:00,0","00:00,0","00:00,0","00:00,0","00:00,0","00:00,0","00:00,0","00:00,0","00:00,0","00:00,0",0,0,0,0,0,0,0,0,0,0,0,0,0,0,0,0,0,0,0,0,0,0,60,4,240.6,0,0,0,0,0,57.5,195,0
82,,14.03.2018,15:21:23,0:06:00,6.4,386.4,78.7,152,241,672,0,0,"00:00,0","00:00,0","00:00,0","00:00,0","00:00,0","00:00,0","00:00,0","00:00,0","00:00,0","00:00,0",0.1,0,0,2,0,0,0,0,0,0,23.8,0,0,0,0,0,0,0,0,0,0,0,60,6.4,386.4,0,0,0,0,0,78.7,152,0
82,,14.03.2018,15:22:23,0:07:00,4.3,255.2,64.8,212,138,394,0,0,"00:00,0","00:00,0","00:00,0","00:00,0","00:00,0","00:00,0","00:00,0","00:00,0","00:00,0","00:00,0",0,0,0,0,0,0,0,0,0,0,0,0,0,0,0,0,0,0,0,0,0,0,60,4.3,255.2,0,0,0,0,0,64.8,212,0
82,,14.03.2018,15:23:23,0:08:00,5,300.9,72,199,175,474,0,0,"00:00,0","00:00,0","00:00,0","00:00,0","00:00,0","00:00,0","00:00,0","00:00,0","00:00,0","00:00,0",0,0,0,0,0,0,0,0,0,0,0,0,0,0,0,0,0,0,0,0,0,0,60,5,300.9,0,0,0,0,0,72,199,0
82,,14.03.2018,15:24:23,0:09:00,2.5,150.7,51.8,268,125,153,0,0,"00:00,0","00:00,0","00:00,0","00:00,0","00:00,0","00:00,0","00:00,0","00:00,0","00:00,0","00:00,0",0,0,0,0,0,0,0,0,0,0,0,0,0,0,0,0,0,0,0,0,0,0,60,2.5,150.7,0,0,0,0,0,51.8,268,0
82,,14.03.2018,15:25:23,0:10:00,3.2,190.2,56.7,176,92,254,0,0,"00:00,0","00:00,0","00:00,0","00:00,0","00:00,0","00:00,0","00:00,0","00:00,0","00:00,0","00:00,0",0,0,0,0,0,0,0,0,0,0,0,0,0,0,0,0,0,0,0,0,0,0,60,3.2,190.2,0,0,0,0,0,56.7,176,0
83,,14.03.2018,15:40:36,0:01:00,7.7,460.1,82.4,144,280,867,0,0,"00:00,0","00:00,0","00:00,0","00:00,0","00:00,0","00:00,0","00:00,0","00:00,0","00:00,0","00:00,0",0.5,0,0,2,0,0,0,0,0,0,7.5,0,0,0,0,0,0,0,0,0,0,0,60,7.7,460.1,0,0,0,0,0,82.4,144,0
83,,14.03.2018,15:41:36,0:02:00,9.4,560.9,82.3,132,342,1138,0,0,"00:00,0","00:00,0","00:00,0","00:00,0","00:00,0","00:00,0","00:00,0","00:00,0","00:00,0","00:00,0",0.7,0,0,3,0,0,0,0,0,1,11.9,1.2,0,0,5,0,0,0,0,0,5,14.3,60,9.4,560.9,0,0,0,0,0,82.3,132,0
83,,14.03.2018,15:42:36,0:03:00,8.2,493.8,77,151,298,977,0,0,"00:00,0","00:00,0","00:00,0","00:00,0","00:00,0","00:00,0","00:00,0","00:00,0","00:00,0","00:00,0",0.2,0,0,2,0,0,0,0,0,0,24.5,0.7,0,0,3,0,0,0,0,0,3,17.5,60,8.2,493.8,0,0,0,0,0,77,151,0
83,,14.03.2018,15:43:36,0:04:00,6.1,363.5,69.2,175,228,662,0,0,"00:00,0","00:00,0","00:00,0","00:00,0","00:00,0","00:00,0","00:00,0","00:00,0","00:00,0","00:00,0",0.6,0,0,2,0,0,0,0,0,2,5.3,0.5,0,0,2,0,0,0,0,0,0,16.4,60,6.1,363.5,0,0,0,0,0,69.2,175,0
83,,14.03.2018,15:44:36,0:05:00,3.2,193.6,61.9,251,128,240,0,0,"00:00,0","00:00,0","00:00,0","00:00,0","00:00,0","00:00,0","00:00,0","00:00,0","00:00,0","00:00,0",0,0,0,0,0,0,0,0,0,0,0,0,0,0,0,0,0,0,0,0,0,0,60,3.2,193.6,0,0,0,0,0,61.9,251,0
83,,14.03.2018,15:45:36,0:06:00,8.5,509.3,85.9,135,290,950,0,0,"00:00,0","00:00,0","00:00,0","00:00,0","00:00,0","00:00,0","00:00,0","00:00,0","00:00,0","00:00,0",0,0,0,1,0,0,0,0,0,0,14.2,1.3,0,0,6,0,0,0,0,0,1,17.2,60,8.5,509.3,0,0,0,0,0,85.9,135,0
83,,14.03.2018,15:46:36,0:07:00,4.1,246.2,74.5,247,159,332,0,0,"00:00,0","00:00,0","00:00,0","00:00,0","00:00,0","00:00,0","00:00,0","00:00,0","00:00,0","00:00,0",0.5,0,0,2,0,0,0,0,0,1,6.5,0,0,0,0,0,0,0,0,0,0,0,60,4.1,246.2,0,0,0,0,0,74.5,247,0
83,,14.03.2018,15:47:36,0:08:00,7.8,465.9,79.7,164,284,906,0,0,"00:00,0","00:00,0","00:00,0","00:00,0","00:00,0","00:00,0","00:00,0","00:00,0","00:00,0","00:00,0",0.4,0,0,1,0,0,0,0,0,1,48.1,1,0,0,5,0,0,0,0,0,3,17.8,60,7.8,465.9,0,0,0,0,0,79.7,164,0
83,,14.03.2018,15:48:36,0:09:00,7.3,438.3,76.5,182,256,851,0,0,"00:00,0","00:00,0","00:00,0","00:00,0","00:00,0","00:00,0","00:00,0","00:00,0","00:00,0","00:00,0",0.1,0,0,1,0,0,0,0,0,1,25.2,0.7,0,0,3,0,0,0,0,0,0,26.9,60,7.3,438.3,0,0,0,0,0,76.5,182,0
83,,14.03.2018,15:49:36,0:10:00,5.2,311.8,74.1,210,177,472,0,0,"00:00,0","00:00,0","00:00,0","00:00,0","00:00,0","00:00,0","00:00,0","00:00,0","00:00,0","00:00,0",0.3,0,0,1,0,0,0,0,0,1,47.9,0,0,0,0,0,0,0,0,0,0,0,60,5.2,311.8,0,0,0,0,0,74.1,210,0
44,,15.03.2018,11:25:19,0:01:00,6.8,410.4,78.3,142,262,791,0,0,"00:00,0","00:00,0","00:00,0","00:00,0","00:00,0","00:00,0","00:00,0","00:00,0","00:00,0","00:00,0",2.1,0,0,8,0,0,0,0,0,5,4.4,2.7,0,0,4,0,0,0,0,0,6,25,60,6.8,410.4,0,0,0,0,0,78.3,142,0
44,,15.03.2018,11:26:19,0:02:00,2.4,142.9,63.7,288,116,44,0,0,"00:00,0","00:00,0","00:00,0","00:00,0","00:00,0","00:00,0","00:00,0","00:00,0","00:00,0","00:00,0",0.2,0,0,4,0,0,0,0,0,0,39.4,0,0,0,0,0,0,0,0,0,0,0,60,2.4,142.9,0,0,0,0,0,63.7,288,0
44,,15.03.2018,11:27:19,0:03:00,5.4,326.6,70.5,198,237,545,0,0,"00:00,0","00:00,0","00:00,0","00:00,0","00:00,0","00:00,0","00:00,0","00:00,0","00:00,0","00:00,0",1,0,0,4,0,0,0,0,0,1,7.3,0,0,0,0,0,0,0,0,0,0,0,60,5.4,326.6,0,0,0,0,0,70.5,198,0
44,,15.03.2018,11:28:19,0:04:00,3.5,210.5,60.7,191,125,278,0,0,"00:00,0","00:00,0","00:00,0","00:00,0","00:00,0","00:00,0","00:00,0","00:00,0","00:00,0","00:00,0",0,0,0,0,0,0,0,0,0,0,0,0,0,0,0,0,0,0,0,0,0,0,60,3.5,210.5,0,0,0,0,0,60.7,191,0
44,,15.03.2018,11:29:19,0:05:00,3.6,214,61.6,190,109,288,0,0,"00:00,0","00:00,0","00:00,0","00:00,0","00:00,0","00:00,0","00:00,0","00:00,0","00:00,0","00:00,0",2.1,0,0,1,0,0,0,0,0,7,20,4.6,0,0,8,0,0,0,0,0,15,1.6,60,3.6,214,0,0,0,0,0,61.6,190,0
44,,15.03.2018,11:30:19,0:06:00,1.9,113,46.1,234,54,80,0,0,"00:00,0","00:00,0","00:00,0","00:00,0","00:00,0","00:00,0","00:00,0","00:00,0","00:00,0","00:00,0",0.8,0,0,2,0,0,0,0,0,0,9.4,0,0,0,0,0,0,0,0,0,0,0,60,1.9,113,0,0,0,0,0,46.1,234,0
44,,15.03.2018,11:31:19,0:07:00,5.9,355.1,74.3,157,210,605,0,0,"00:00,0","00:00,0","00:00,0","00:00,0","00:00,0","00:00,0","00:00,0","00:00,0","00:00,0","00:00,0",3.5,0,0,7,0,0,0,0,0,15,0.1,0,0,0,0,0,0,0,0,0,0,0,60,5.9,355.1,0,0,0,0,0,74.3,157,0
44,,15.03.2018,11:32:19,0:08:00,3.7,223.9,63.3,190,133,310,0,0,"00:00,0","00:00,0","00:00,0","00:00,0","00:00,0","00:00,0","00:00,0","00:00,0","00:00,0","00:00,0",0.2,0,0,1,0,0,0,0,0,0,24.8,0,0,0,0,0,0,0,0,0,0,0,60,3.7,223.9,0,0,0,0,0,63.3,190,0
44,,15.03.2018,11:33:19,0:09:00,1,57.2,32,207,35,6,0,0,"00:00,0","00:00,0","00:00,0","00:00,0","00:00,0","00:00,0","00:00,0","00:00,0","00:00,0","00:00,0",0,0,0,0,0,0,0,0,0,0,0,0,0,0,0,0,0,0,0,0,0,0,60,1,57.2,0,0,0,0,0,32,207,0
44,,15.03.2018,11:34:19,0:10:00,6.6,394.8,72,158,260,684,0,0,"00:00,0","00:00,0","00:00,0","00:00,0","00:00,0","00:00,0","00:00,0","00:00,0","00:00,0","00:00,0",9.7,9.5,32,12,0,0,0,0,75.1,26,14.6,10.4,7.1,22.3,28,0,0,0,0,60.5,23,25.2,60,6.6,394.8,0,0,0,0,0,72,158,0
45,,15.03.2018,11:37:13,0:01:00,5.8,347.4,80.3,172,205,554,0,0,"00:00,0","00:00,0","00:00,0","00:00,0","00:00,0","00:00,0","00:00,0","00:00,0","00:00,0","00:00,0",0,0,0,0,0,0,0,0,0,0,0,4.4,0,0,5,0,0,0,0,0,21,9.2,60,5.8,347.4,0,0,0,0,0,80.3,172,0
45,,15.03.2018,11:38:13,0:02:00,8.6,515,89.8,101,297,975,0,0,"00:00,0","00:00,0","00:00,0","00:00,0","00:00,0","00:00,0","00:00,0","00:00,0","00:00,0","00:00,0",5.4,12,22.8,15,0,0,0,0,90.4,12,28.5,5.3,4.6,6,6,0,0,0,0,67.4,16,44.6,60,8.6,515,0,0,0,0,0,89.8,101,0
45,,15.03.2018,11:39:13,0:03:00,8,478.6,83.9,120,284,883,0,0,"00:00,0","00:00,0","00:00,0","00:00,0","00:00,0","00:00,0","00:00,0","00:00,0","00:00,0","00:00,0",3.5,19.2,10.2,11,0,0,0,0,91.3,5,0.6,2.9,225.2,5.9,6,0,0,0,0,100,7,9.2,60,8,478.6,0,0,0,0,0,83.9,120,0
45,,15.03.2018,11:40:13,0:04:00,6.5,387.4,76.3,157,248,693,0,0,"00:00,0","00:00,0","00:00,0","00:00,0","00:00,0","00:00,0","00:00,0","00:00,0","00:00,0","00:00,0",6.3,8.4,18.6,19,0,0,0,0,42.3,13,11.9,2.9,0,0,8,0,0,0,0,0,6,37.8,60,6.5,387.4,0,0,0,0,0,76.3,157,0
45,,15.03.2018,11:41:13,0:05:00,4.5,267.4,65.8,223,156,430,0,0,"00:00,0","00:00,0","00:00,0","00:00,0","00:00,0","00:00,0","00:00,0","00:00,0","00:00,0","00:00,0",0.5,0,0,1,0,0,0,0,0,0,3.3,10.4,0,0,18,0,0,0,0,0,32,0.1,60,4.5,267.4,0,0,0,0,0,65.8,223,0
45,,15.03.2018,11:42:13,0:06:00,3.5,208.9,63.3,221,107,220,0,0,"00:00,0","00:00,0","00:00,0","00:00,0","00:00,0","00:00,0","00:00,0","00:00,0","00:00,0","00:00,0",7.1,11.5,14.9,7,0,0,0,0,42.2,16,6.8,7.4,0,0,39,0,0,0,0,0,19,16.4,60,3.5,208.9,0,0,0,0,0,63.3,221,0
45,,15.03.2018,11:43:13,0:07:00,6.1,365.6,76.7,151,236,646,0,0,"00:00,0","00:00,0","00:00,0","00:00,0","00:00,0","00:00,0","00:00,0","00:00,0","00:00,0","00:00,0",4.8,0,0,9,0,0,0,0,0,8,31.7,0.7,0,0,2,0,0,0,0,0,0,4.7,60,6.1,365.6,0,0,0,0,0,76.7,151,0
45,,15.03.2018,11:44:13,0:08:00,4.5,271.8,67,198,195,369,0,0,"00:00,0","00:00,0","00:00,0","00:00,0","00:00,0","00:00,0","00:00,0","00:00,0","00:00,0","00:00,0",3.2,0,0,15,0,0,0,0,0,10,7.2,10.8,3.6,6.3,27,0,0,0,0,5.1,31,15.4,60,4.5,271.8,0,0,0,0,0,67,198,0
45,,15.03.2018,11:45:13,0:09:00,4.5,269.8,69.2,187,179,379,0,0,"00:00,0","00:00,0","00:00,0","00:00,0","00:00,0","00:00,0","00:00,0","00:00,0","00:00,0","00:00,0",0,0,0,0,0,0,0,0,0,0,0,0,0,0,0,0,0,0,0,0,0,0,60,4.5,269.8,0,0,0,0,0,69.2,187,0
45,,15.03.2018,11:46:13,0:10:00,5.7,339.8,76.8,173,201,501,0,0,"00:00,0","00:00,0","00:00,0","00:00,0","00:00,0","00:00,0","00:00,0","00:00,0","00:00,0","00:00,0",3.4,12.1,8,11,0,0,0,0,100,1,7.3,7.8,5.4,4,16,0,0,0,0,84.2,24,4.8,60,5.7,339.8,0,0,0,0,0,76.8,173,0
46,,15.03.2018,11:49:09,0:01:00,4.1,244.1,63.3,211,139,380,0,0,"00:00,0","00:00,0","00:00,0","00:00,0","00:00,0","00:00,0","00:00,0","00:00,0","00:00,0","00:00,0",0.7,0,0,9,0,0,0,0,0,1,13,0,0,0,0,0,0,0,0,0,0,0,60,4.1,244.1,0,0,0,0,0,63.3,211,0
46,,15.03.2018,11:50:09,0:02:00,5,301.1,65.5,176,202,524,0,0,"00:00,0","00:00,0","00:00,0","00:00,0","00:00,0","00:00,0","00:00,0","00:00,0","00:00,0","00:00,0",0,0,0,0,0,0,0,0,0,0,0,0,0,0,0,0,0,0,0,0,0,0,60,5,301.1,0,0,0,0,0,65.5,176,0
46,,15.03.2018,11:51:09,0:03:00,2.4,143,51,284,101,173,0,0,"00:00,0","00:00,0","00:00,0","00:00,0","00:00,0","00:00,0","00:00,0","00:00,0","00:00,0","00:00,0",0,0,0,0,0,0,0,0,0,0,0,0,0,0,0,0,0,0,0,0,0,0,60,2.4,143,0,0,0,0,0,51,284,0
46,,15.03.2018,11:52:09,0:04:00,5.6,336.1,66,161,192,604,0,0,"00:00,0","00:00,0","00:00,0","00:00,0","00:00,0","00:00,0","00:00,0","00:00,0","00:00,0","00:00,0",0.1,0,0,2,0,0,0,0,0,0,52.1,0.5,0,0,1,0,0,0,0,0,2,21.7,60,5.6,336.1,0,0,0,0,0,66,161,0
46,,15.03.2018,11:53:09,0:05:00,5.3,317.1,67.9,198,176,532,0,0,"00:00,0","00:00,0","00:00,0","00:00,0","00:00,0","00:00,0","00:00,0","00:00,0","00:00,0","00:00,0",0.2,0,0,1,0,0,0,0,0,0,1.4,0,0,0,0,0,0,0,0,0,0,0,60,5.3,317.1,0,0,0,0,0,67.9,198,0
46,,15.03.2018,11:54:09,0:06:00,4.7,282.1,66.5,192,177,463,0,0,"00:00,0","00:00,0","00:00,0","00:00,0","00:00,0","00:00,0","00:00,0","00:00,0","00:00,0","00:00,0",0.2,0,0,3,0,0,0,0,0,2,54.5,0,0,0,0,0,0,0,0,0,0,0,60,4.7,282.1,0,0,0,0,0,66.5,192,0
46,,15.03.2018,11:55:09,0:07:00,3.8,230.5,61.5,216,113,370,0,0,"00:00,0","00:00,0","00:00,0","00:00,0","00:00,0","00:00,0","00:00,0","00:00,0","00:00,0","00:00,0",0,0,0,0,0,0,0,0,0,0,0,0,0,0,0,0,0,0,0,0,0,0,60,3.8,230.5,0,0,0,0,0,61.5,216,0
46,,15.03.2018,11:56:09,0:08:00,3.8,230.7,58.9,194,108,322,0,0,"00:00,0","00:00,0","00:00,0","00:00,0","00:00,0","00:00,0","00:00,0","00:00,0","00:00,0","00:00,0",0,0,0,0,0,0,0,0,0,0,0,0,0,0,0,0,0,0,0,0,0,0,60,3.8,230.7,0,0,0,0,0,58.9,194,0
46,,15.03.2018,11:57:09,0:09:00,2.8,168.4,52.6,262,91,184,0,0,"00:00,0","00:00,0","00:00,0","00:00,0","00:00,0","00:00,0","00:00,0","00:00,0","00:00,0","00:00,0",0,0,0,0,0,0,0,0,0,0,0,0,0,0,0,0,0,0,0,0,0,0,60,2.8,168.4,0,0,0,0,0,52.6,262,0
46,,15.03.2018,11:58:09,0:10:00,4.7,279.8,62.5,193,150,428,0,0,"00:00,0","00:00,0","00:00,0","00:00,0","00:00,0","00:00,0","00:00,0","00:00,0","00:00,0","00:00,0",0,0,0,0,0,0,0,0,0,0,0,0,0,0,0,0,0,0,0,0,0,0,60,4.7,279.8,0,0,0,0,0,62.5,193,0
47,,15.03.2018,12:00:58,0:01:00,5.5,327.9,77.7,162,202,602,0,0,"00:00,0","00:00,0","00:00,0","00:00,0","00:00,0","00:00,0","00:00,0","00:00,0","00:00,0","00:00,0",0.3,0,0,2,0,0,0,0,0,0,25.5,2.1,0,0,3,0,0,0,0,0,7,18.2,60,5.5,327.9,0,0,0,0,0,77.7,162,0
47,,15.03.2018,12:01:58,0:02:00,4.2,254.2,68,152,152,435,0,0,"00:00,0","00:00,0","00:00,0","00:00,0","00:00,0","00:00,0","00:00,0","00:00,0","00:00,0","00:00,0",0.6,0,0,2,0,0,0,0,0,1,9.1,4.2,2.1,1.5,18,0,0,0,0,60.2,15,2.3,60,4.2,254.2,0,0,0,0,0,68,152,0
47,,15.03.2018,12:02:58,0:03:00,3.2,192.9,56.6,215,116,278,0,0,"00:00,0","00:00,0","00:00,0","00:00,0","00:00,0","00:00,0","00:00,0","00:00,0","00:00,0","00:00,0",4.1,30.7,1.4,4,0,0,0,0,100,20,38.1,4.5,17.1,9.6,4,0,0,0,0,67.2,18,55,60,3.2,192.9,0,0,0,0,0,56.6,215,0
47,,15.03.2018,12:03:58,0:04:00,1.4,84.7,30.4,179,42,115,0,0,"00:00,0","00:00,0","00:00,0","00:00,0","00:00,0","00:00,0","00:00,0","00:00,0","00:00,0","00:00,0",0,0,0,0,0,0,0,0,0,0,0,0.6,0,0,1,0,0,0,0,0,2,0.6,60,1.4,84.7,0,0,0,0,0,30.4,179,0
47,,15.03.2018,12:04:58,0:05:00,0.7,41.4,25.1,201,4,0,0,0,"00:00,0","00:00,0","00:00,0","00:00,0","00:00,0","00:00,0","00:00,0","00:00,0","00:00,0","00:00,0",0,0,0,0,0,0,0,0,0,0,0,0,0,0,0,0,0,0,0,0,0,0,60,0.7,41.4,0,0,0,0,0,25.1,201,0
47,,15.03.2018,12:05:58,0:06:00,1.4,85.9,37.4,226,27,72,0,0,"00:00,0","00:00,0","00:00,0","00:00,0","00:00,0","00:00,0","00:00,0","00:00,0","00:00,0","00:00,0",0,0,0,0,0,0,0,0,0,0,0,0,0,0,0,0,0,0,0,0,0,0,60,1.4,85.9,0,0,0,0,0,37.4,226,0
47,,15.03.2018,12:06:58,0:07:00,5.6,336.6,76.9,153,204,605,0,0,"00:00,0","00:00,0","00:00,0","00:00,0","00:00,0","00:00,0","00:00,0","00:00,0","00:00,0","00:00,0",5.8,3.5,2.3,20,0,0,0,0,78.5,15,23.2,1,0,0,3,0,0,0,0,0,0,21.2,60,5.6,336.6,0,0,0,0,0,76.9,153,0
47,,15.03.2018,12:07:58,0:08:00,4.5,273,74.4,172,153,429,0,0,"00:00,0","00:00,0","00:00,0","00:00,0","00:00,0","00:00,0","00:00,0","00:00,0","00:00,0","00:00,0",3.9,5.9,8.7,4,0,0,0,0,53.9,5,22.4,7.4,2.9,2.5,14,0,0,0,0,8.2,21,0.4,60,4.5,273,0,0,0,0,0,74.4,172,0
47,,15.03.2018,12:08:58,0:09:00,1.8,105.4,46.7,243,53,87,0,0,"00:00,0","00:00,0","00:00,0","00:00,0","00:00,0","00:00,0","00:00,0","00:00,0","00:00,0","00:00,0",0,0,0,0,0,0,0,0,0,0,0,0,0,0,0,0,0,0,0,0,0,0,60,1.8,105.4,0,0,0,0,0,46.7,243,0
47,,15.03.2018,12:09:58,0:10:00,3.5,208.2,53.2,173,130,291,0,0,"00:00,0","00:00,0","00:00,0","00:00,0","00:00,0","00:00,0","00:00,0","00:00,0","00:00,0","00:00,0",0.6,16.2,0.7,2,0,0,0,0,100,2,53.2,17.6,5.4,33,18,0,0,0,0,27.7,45,22.4,60,3.5,208.2,0,0,0,0,0,53.2,173,0
62,,15.03.2018,9:30:48,0:01:00,5,299.1,69.6,186,170,479,0,0,"00:00,0","00:00,0","00:00,0","00:00,0","00:00,0","00:00,0","00:00,0","00:00,0","00:00,0","00:00,0",1,0,0,4,0,0,0,0,0,5,13.3,0,0,0,0,0,0,0,0,0,0,0,60,5,299.1,0,0,0,0,0,69.6,186,0
62,,15.03.2018,9:31:48,0:02:00,4.5,269.2,60.6,204,166,450,0,0,"00:00,0","00:00,0","00:00,0","00:00,0","00:00,0","00:00,0","00:00,0","00:00,0","00:00,0","00:00,0",0,0,0,0,0,0,0,0,0,0,0,1.3,0,0,2,0,0,0,0,0,4,39.5,60,4.5,269.2,0,0,0,0,0,60.6,204,0
62,,15.03.2018,9:32:48,0:03:00,5.1,307,68.2,221,205,522,0,0,"00:00,0","00:00,0","00:00,0","00:00,0","00:00,0","00:00,0","00:00,0","00:00,0","00:00,0","00:00,0",0.9,0,0,1,0,0,0,0,0,5,30.8,0.5,0,0,1,0,0,0,0,0,1,12.3,60,5.1,307,0,0,0,0,0,68.2,221,0
62,,15.03.2018,9:33:48,0:04:00,2.2,132.7,44.7,202,67,128,0,0,"00:00,0","00:00,0","00:00,0","00:00,0","00:00,0","00:00,0","00:00,0","00:00,0","00:00,0","00:00,0",0,0,0,0,0,0,0,0,0,0,0,0,0,0,0,0,0,0,0,0,0,0,60,2.2,132.7,0,0,0,0,0,44.7,202,0
62,,15.03.2018,9:34:48,0:05:00,1.6,93.5,42.3,198,58,55,0,0,"00:00,0","00:00,0","00:00,0","00:00,0","00:00,0","00:00,0","00:00,0","00:00,0","00:00,0","00:00,0",0,0,0,0,0,0,0,0,0,0,0,0,0,0,0,0,0,0,0,0,0,0,60,1.6,93.5,0,0,0,0,0,42.3,198,0
62,,15.03.2018,9:35:48,0:06:00,1.2,69.6,38.7,240,58,22,0,0,"00:00,0","00:00,0","00:00,0","00:00,0","00:00,0","00:00,0","00:00,0","00:00,0","00:00,0","00:00,0",0,0,0,0,0,0,0,0,0,0,0,0,0,0,0,0,0,0,0,0,0,0,60,1.2,69.6,0,0,0,0,0,38.7,240,0
62,,15.03.2018,9:36:48,0:07:00,4.4,261.2,62.9,198,171,422,0,0,"00:00,0","00:00,0","00:00,0","00:00,0","00:00,0","00:00,0","00:00,0","00:00,0","00:00,0","00:00,0",0,0,0,0,0,0,0,0,0,0,0,0,0,0,0,0,0,0,0,0,0,0,60,4.4,261.2,0,0,0,0,0,62.9,198,0
62,,15.03.2018,9:37:48,0:08:00,3.4,204.1,54.4,198,105,314,0,0,"00:00,0","00:00,0","00:00,0","00:00,0","00:00,0","00:00,0","00:00,0","00:00,0","00:00,0","00:00,0",0,0,0,0,0,0,0,0,0,0,0,0,0,0,0,0,0,0,0,0,0,0,60,3.4,204.1,0,0,0,0,0,54.4,198,0
62,,15.03.2018,9:38:48,0:09:00,3.4,205.1,56.6,207,109,276,0,0,"00:00,0","00:00,0","00:00,0","00:00,0","00:00,0","00:00,0","00:00,0","00:00,0","00:00,0","00:00,0",0,0,0,0,0,0,0,0,0,0,0,0,0,0,0,0,0,0,0,0,0,0,60,3.4,205.1,0,0,0,0,0,56.6,207,0
62,,15.03.2018,9:39:48,0:10:00,2.8,167.7,43.4,179,87,262,0,0,"00:00,0","00:00,0","00:00,0","00:00,0","00:00,0","00:00,0","00:00,0","00:00,0","00:00,0","00:00,0",0,0,0,0,0,0,0,0,0,0,0,0,0,0,0,0,0,0,0,0,0,0,60,2.8,167.7,0,0,0,0,0,43.4,179,0
66,,15.03.2018,9:43:12,0:01:00,8.5,510.1,90.2,88,298,914,0,0,"00:00,0","00:00,0","00:00,0","00:00,0","00:00,0","00:00,0","00:00,0","00:00,0","00:00,0","00:00,0",8.7,2.2,0.3,11,0,0,0,0,29.3,25,10.3,1.9,0,0,9,0,0,0,0,0,4,26.2,60,8.5,510.1,0,0,0,0,0,90.2,88,0
66,,15.03.2018,9:44:12,0:02:00,6.2,369.3,77.4,143,219,668,0,0,"00:00,0","00:00,0","00:00,0","00:00,0","00:00,0","00:00,0","00:00,0","00:00,0","00:00,0","00:00,0",0,0,0,0,0,0,0,0,0,0,0,4.5,8.7,10.1,4,0,0,0,0,85,15,1.3,60,6.2,369.3,0,0,0,0,0,77.4,143,0
66,,15.03.2018,9:45:12,0:03:00,1.5,92.9,46.9,260,70,50,0,0,"00:00,0","00:00,0","00:00,0","00:00,0","00:00,0","00:00,0","00:00,0","00:00,0","00:00,0","00:00,0",0,0,0,0,0,0,0,0,0,0,0,0,0,0,0,0,0,0,0,0,0,0,60,1.5,92.9,0,0,0,0,0,46.9,260,0
66,,15.03.2018,9:46:12,0:04:00,7.3,436.1,80.6,141,269,803,0,0,"00:00,0","00:00,0","00:00,0","00:00,0","00:00,0","00:00,0","00:00,0","00:00,0","00:00,0","00:00,0",8.4,19.2,31.9,21,0,0,0,0,87.2,17,13.7,3.5,5.2,1.5,16,0,0,0,0,100,3,11,60,7.3,436.1,0,0,0,0,0,80.6,141,0
66,,15.03.2018,9:47:12,0:05:00,3.2,190.6,61.8,244,153,224,0,0,"00:00,0","00:00,0","00:00,0","00:00,0","00:00,0","00:00,0","00:00,0","00:00,0","00:00,0","00:00,0",0,0,0,0,0,0,0,0,0,0,0,2.4,4.1,0.8,2,0,0,0,0,100,3,1.3,60,3.2,190.6,0,0,0,0,0,61.8,244,0
66,,15.03.2018,9:48:12,0:06:00,1.7,101.3,50.7,229,56,27,0,0,"00:00,0","00:00,0","00:00,0","00:00,0","00:00,0","00:00,0","00:00,0","00:00,0","00:00,0","00:00,0",0,0,0,0,0,0,0,0,0,0,0,0,0,0,0,0,0,0,0,0,0,0,60,1.7,101.3,0,0,0,0,0,50.7,229,0
66,,15.03.2018,9:49:12,0:07:00,2.3,140,54.3,242,67,107,0,0,"00:00,0","00:00,0","00:00,0","00:00,0","00:00,0","00:00,0","00:00,0","00:00,0","00:00,0","00:00,0",0,0,0,0,0,0,0,0,0,0,0,0,0,0,0,0,0,0,0,0,0,0,60,2.3,140,0,0,0,0,0,54.3,242,0
66,,15.03.2018,9:50:12,0:08:00,7.8,469.3,84,130,299,802,0,0,"00:00,0","00:00,0","00:00,0","00:00,0","00:00,0","00:00,0","00:00,0","00:00,0","00:00,0","00:00,0",6.3,12.4,37,10,0,0,0,0,72.2,9,2.7,2.4,15,0.5,8,0,0,0,0,100,3,8.7,60,7.8,469.3,0,0,0,0,0,84,130,0
66,,15.03.2018,9:51:12,0:09:00,3.9,236.1,59,195,149,356,0,0,"00:00,0","00:00,0","00:00,0","00:00,0","00:00,0","00:00,0","00:00,0","00:00,0","00:00,0","00:00,0",1.5,2.3,2.4,6,0,0,0,0,49,0,1.4,0,0,0,0,0,0,0,0,0,0,0,60,3.9,236.1,0,0,0,0,0,59,195,0
66,,15.03.2018,9:52:12,0:10:00,1.4,86.9,44.5,250,38,12,0,0,"00:00,0","00:00,0","00:00,0","00:00,0","00:00,0","00:00,0","00:00,0","00:00,0","00:00,0","00:00,0",0,0,0,0,0,0,0,0,0,0,0,0,0,0,0,0,0,0,0,0,0,0,60,1.4,86.9,0,0,0,0,0,44.5,250,0
67,,15.03.2018,9:55:27,0:01:00,9.7,579.4,85,110,339,1128,0,0,"00:00,0","00:00,0","00:00,0","00:00,0","00:00,0","00:00,0","00:00,0","00:00,0","00:00,0","00:00,0",2.4,0,0,5,0,0,0,0,0,10,20.1,1.1,0,0,4,0,0,0,0,0,4,47.1,60,9.7,579.4,0,0,0,0,0,85,110,0
67,,15.03.2018,9:56:27,0:02:00,9.5,572.7,82.8,134,352,1127,0,0,"00:00,0","00:00,0","00:00,0","00:00,0","00:00,0","00:00,0","00:00,0","00:00,0","00:00,0","00:00,0",0.3,0,0,3,0,0,0,0,0,0,6.6,10.4,13.5,22.4,14,0,0,0,0,62.3,25,2.8,60,9.5,572.7,0,0,0,0,0,82.8,134,0
67,,15.03.2018,9:57:27,0:03:00,8.7,523.6,77.4,149,332,1009,0,0,"00:00,0","00:00,0","00:00,0","00:00,0","00:00,0","00:00,0","00:00,0","00:00,0","00:00,0","00:00,0",3.6,226.5,7,8,0,0,0,0,100,7,8.8,4.6,15.3,53.9,9,0,0,0,0,69.8,14,1,60,8.7,523.6,0,0,0,0,0,77.4,149,0
67,,15.03.2018,9:58:27,0:04:00,9.9,594.2,73.3,150,359,996,0,0,"00:00,0","00:00,0","00:00,0","00:00,0","00:00,0","00:00,0","00:00,0","00:00,0","00:00,0","00:00,0",9,11.9,37.6,7,0,0,0,0,56.7,22,8.2,2.9,9.9,9.6,7,0,0,0,0,54.7,5,11.3,60,9.9,594.2,0,0,0,0,0,73.3,150,0
67,,15.03.2018,9:59:27,0:05:00,9.3,560.1,70.9,146,340,922,0,0,"00:00,0","00:00,0","00:00,0","00:00,0","00:00,0","00:00,0","00:00,0","00:00,0","00:00,0","00:00,0",14.1,8.7,26.5,19,0,0,0,0,46.2,36,3.1,5.5,9.1,21.1,11,0,0,0,0,47.4,16,7,60,9.3,560.1,0,0,0,0,0,70.9,146,0
67,,15.03.2018,10:00:27,0:06:00,5.5,331.8,68.5,215,212,541,0,0,"00:00,0","00:00,0","00:00,0","00:00,0","00:00,0","00:00,0","00:00,0","00:00,0","00:00,0","00:00,0",2.8,16.8,20.2,3,0,0,0,0,68.3,10,53.5,0.8,0,0,4,0,0,0,0,0,1,51.1,60,5.5,331.8,0,0,0,0,0,68.5,215,0
67,,15.03.2018,10:01:27,0:07:00,8,481.3,75.5,145,289,784,0,0,"00:00,0","00:00,0","00:00,0","00:00,0","00:00,0","00:00,0","00:00,0","00:00,0","00:00,0","00:00,0",9.9,14.8,23.4,10,0,0,0,0,43.9,20,2.8,5.3,16.9,10.5,20,0,0,0,0,52.1,10,26.3,60,8,481.3,0,0,0,0,0,75.5,145,0
67,,15.03.2018,10:02:27,0:08:00,8.2,491.6,76.8,142,304,874,0,0,"00:00,0","00:00,0","00:00,0","00:00,0","00:00,0","00:00,0","00:00,0","00:00,0","00:00,0","00:00,0",8.7,5.2,3,12,0,0,0,0,44.2,20,34,4.3,17.5,36.8,10,0,0,0,0,82.6,6,7.1,60,8.2,491.6,0,0,0,0,0,76.8,142,0
67,,15.03.2018,10:03:27,0:09:00,8.2,489.7,68,138,282,813,0,0,"00:00,0","00:00,0","00:00,0","00:00,0","00:00,0","00:00,0","00:00,0","00:00,0","00:00,0","00:00,0",11.7,10.6,35.9,25,0,0,0,0,51.2,20,8.5,8.1,2.8,8.2,3,0,0,0,0,8.7,10,43.5,60,8.2,489.7,0,0,0,0,0,68,138,0
67,,15.03.2018,10:04:27,0:10:00,6.9,411.9,75.2,180,222,657,0,0,"00:00,0","00:00,0","00:00,0","00:00,0","00:00,0","00:00,0","00:00,0","00:00,0","00:00,0","00:00,0",4.2,11.7,11.3,13,0,0,0,0,61,10,18.2,2.6,5.3,3.4,5,0,0,0,0,52.4,4,14,59.9,6.9,411.9,0,0,0,0,0,75.2,180,0
68,,15.03.2018,10:07:24,0:01:00,8.9,536.3,78.7,153,298,1015,0,0,"00:00,0","00:00,0","00:00,0","00:00,0","00:00,0","00:00,0","00:00,0","00:00,0","00:00,0","00:00,0",1.4,0,0,3,0,0,0,0,0,3,31.5,1.2,0,0,2,0,0,0,0,0,3,28.4,60,8.9,536.3,0,0,0,0,0,78.7,153,0
68,,15.03.2018,10:08:24,0:02:00,8.4,503.9,79,138,301,960,0,0,"00:00,0","00:00,0","00:00,0","00:00,0","00:00,0","00:00,0","00:00,0","00:00,0","00:00,0","00:00,0",3.6,26.7,7.9,3,0,0,0,0,89.5,12,21.7,7.1,11.9,18.2,8,0,0,0,0,69.7,14,4,60,8.4,503.9,0,0,0,0,0,79,138,0
68,,15.03.2018,10:09:24,0:03:00,2.5,151.6,49.7,237,115,189,0,0,"00:00,0","00:00,0","00:00,0","00:00,0","00:00,0","00:00,0","00:00,0","00:00,0","00:00,0","00:00,0",0.3,17.4,14,3,0,0,0,0,66,0,29.5,0,0,0,0,0,0,0,0,0,0,0,60,2.5,151.6,0,0,0,0,0,49.7,237,0
68,,15.03.2018,10:10:24,0:04:00,5.2,312,69.4,229,201,489,0,0,"00:00,0","00:00,0","00:00,0","00:00,0","00:00,0","00:00,0","00:00,0","00:00,0","00:00,0","00:00,0",4.8,8.8,13.7,11,0,0,0,0,35.3,11,15.2,3.5,5.9,5.4,5,0,0,0,0,62.8,6,25.3,60,5.2,312,0,0,0,0,0,69.4,229,0
68,,15.03.2018,10:11:24,0:05:00,4.1,247.2,63.5,229,154,371,0,0,"00:00,0","00:00,0","00:00,0","00:00,0","00:00,0","00:00,0","00:00,0","00:00,0","00:00,0","00:00,0",1.5,0,0,2,0,0,0,0,0,3,49.4,0.2,0,0,1,0,0,0,0,0,0,47.6,60,4.1,247.2,0,0,0,0,0,63.5,229,0
68,,15.03.2018,10:12:24,0:06:00,6.6,398.2,66.4,175,244,796,0,0,"00:00,0","00:00,0","00:00,0","00:00,0","00:00,0","00:00,0","00:00,0","00:00,0","00:00,0","00:00,0",2.8,11.2,20.8,7,0,0,0,0,41,3,30.4,2.5,4.8,5.4,5,0,0,0,0,47.4,6,40.2,60,6.6,398.2,0,0,0,0,0,66.4,175,0
68,,15.03.2018,10:13:24,0:07:00,4.3,258.9,72.1,209,160,351,0,0,"00:00,0","00:00,0","00:00,0","00:00,0","00:00,0","00:00,0","00:00,0","00:00,0","00:00,0","00:00,0",5.8,4,9.3,10,0,0,0,0,21.4,14,49.8,0.9,26.4,5.3,2,0,0,0,0,100,2,46,60,4.3,258.9,0,0,0,0,0,72.1,209,0
68,,15.03.2018,10:14:24,0:08:00,6.2,373.7,76.8,166,224,623,0,0,"00:00,0","00:00,0","00:00,0","00:00,0","00:00,0","00:00,0","00:00,0","00:00,0","00:00,0","00:00,0",2.6,21.6,6.1,6,0,0,0,0,54.1,3,0.4,1.9,17.5,2.7,5,0,0,0,0,72.6,4,31.8,60,6.2,373.7,0,0,0,0,0,76.8,166,0
68,,15.03.2018,10:15:24,0:09:00,5.2,309.9,65.8,197,174,494,0,0,"00:00,0","00:00,0","00:00,0","00:00,0","00:00,0","00:00,0","00:00,0","00:00,0","00:00,0","00:00,0",7.7,7.7,25.4,11,0,0,0,0,46.8,20,17.9,5.4,7.6,0.3,16,0,0,0,0,100,12,7.9,60,5.2,309.9,0,0,0,0,0,65.8,197,0
68,,15.03.2018,10:16:24,0:10:00,4.9,294.7,64.8,223,165,500,0,0,"00:00,0","00:00,0","00:00,0","00:00,0","00:00,0","00:00,0","00:00,0","00:00,0","00:00,0","00:00,0",0.9,0,0,4,0,0,0,0,0,2,8.5,2.7,17,8,6,0,0,0,0,64.3,2,6.6,60,4.9,294.7,0,0,0,0,0,64.8,223,0
69,,15.03.2018,10:19:18,0:01:00,5.7,342.1,73,141,194,585,0,0,"00:00,0","00:00,0","00:00,0","00:00,0","00:00,0","00:00,0","00:00,0","00:00,0","00:00,0","00:00,0",1,0,0,2,0,0,0,0,0,5,44.8,0,0,0,1,0,0,0,0,0,0,24.4,60,5.7,342.1,0,0,0,0,0,73,141,0
69,,15.03.2018,10:20:18,0:02:00,5.6,334.2,76.2,180,220,595,0,0,"00:00,0","00:00,0","00:00,0","00:00,0","00:00,0","00:00,0","00:00,0","00:00,0","00:00,0","00:00,0",1.4,0,0,2,0,0,0,0,0,6,45.4,0.4,0,0,6,0,0,0,0,0,0,53.4,60,5.6,334.2,0,0,0,0,0,76.2,180,0
69,,15.03.2018,10:21:18,0:03:00,6,359.2,77.2,163,202,587,0,0,"00:00,0","00:00,0","00:00,0","00:00,0","00:00,0","00:00,0","00:00,0","00:00,0","00:00,0","00:00,0",6.2,0,0,7,0,0,0,0,0,13,11.4,1.2,0,0,1,0,0,0,0,0,0,5.1,60,6,359.2,0,0,0,0,0,77.2,163,0
69,,15.03.2018,10:22:18,0:04:00,2.1,123.1,54.3,277,67,35,0,0,"00:00,0","00:00,0","00:00,0","00:00,0","00:00,0","00:00,0","00:00,0","00:00,0","00:00,0","00:00,0",0,0,0,0,0,0,0,0,0,0,0,0,0,0,0,0,0,0,0,0,0,0,60,2.1,123.1,0,0,0,0,0,54.3,277,0
69,,15.03.2018,10:23:18,0:05:00,5.4,321.9,73,206,187,435,0,0,"00:00,0","00:00,0","00:00,0","00:00,0","00:00,0","00:00,0","00:00,0","00:00,0","00:00,0","00:00,0",6,21.5,33.1,4,0,0,0,0,68,21,27.3,5.6,0,0,8,0,0,0,0,0,13,37.2,60,5.4,321.9,0,0,0,0,0,73,206,0
69,,15.03.2018,10:24:18,0:06:00,7,419.7,83,157,252,605,0,0,"00:00,0","00:00,0","00:00,0","00:00,0","00:00,0","00:00,0","00:00,0","00:00,0","00:00,0","00:00,0",10.9,15.8,42.6,28,0,0,0,0,76.6,27,6.9,4.4,4.1,0.7,8,0,0,0,0,100,9,17.1,60,7,419.7,0,0,0,0,0,83,157,0
69,,15.03.2018,10:25:18,0:07:00,2.4,142.8,57.5,277,100,94,0,0,"00:00,0","00:00,0","00:00,0","00:00,0","00:00,0","00:00,0","00:00,0","00:00,0","00:00,0","00:00,0",0,0,0,0,0,0,0,0,0,0,0,1.9,0,0,3,0,0,0,0,0,7,39.3,60,2.4,142.8,0,0,0,0,0,57.5,277,0
69,,15.03.2018,10:26:18,0:08:00,4.3,255.9,74.9,237,164,311,0,0,"00:00,0","00:00,0","00:00,0","00:00,0","00:00,0","00:00,0","00:00,0","00:00,0","00:00,0","00:00,0",1.4,0,0,5,0,0,0,0,0,3,38.2,0.4,0,0,1,0,0,0,0,0,0,59.6,60,4.3,255.9,0,0,0,0,0,74.9,237,0
69,,15.03.2018,10:27:18,0:09:00,4.6,273.9,77.7,210,194,341,0,0,"00:00,0","00:00,0","00:00,0","00:00,0","00:00,0","00:00,0","00:00,0","00:00,0","00:00,0","00:00,0",7.3,16.4,17.6,25,0,0,0,0,81.5,18,17.9,5.4,12.9,4.1,7,0,0,0,0,100,15,0.6,60,4.6,273.9,0,0,0,0,0,77.7,210,0
69,,15.03.2018,10:28:18,0:10:00,4.9,296.6,77,220,207,393,0,0,"00:00,0","00:00,0","00:00,0","00:00,0","00:00,0","00:00,0","00:00,0","00:00,0","00:00,0","00:00,0",0.9,12.2,0.4,2,0,0,0,0,100,0,41.9,2.8,0,0,3,0,0,0,0,0,6,31.3,59.9,4.9,296.6,0,0,0,0,0,77,220,0
36,,15.03.2018,13:06:25,0:01:00,4.4,264.1,64.2,155,182,494,0,0,"00:00,0","00:00,0","00:00,0","00:00,0","00:00,0","00:00,0","00:00,0","00:00,0","00:00,0","00:00,0",0,0,0,0,0,0,0,0,0,0,0,0.7,0,0,2,0,0,0,0,0,4,48.2,60,4.4,264.1,0,0,0,0,0,64.2,155,0
36,,15.03.2018,13:07:25,0:02:00,2.8,165.3,62.2,268,59,158,0,0,"00:00,0","00:00,0","00:00,0","00:00,0","00:00,0","00:00,0","00:00,0","00:00,0","00:00,0","00:00,0",0,0,0,0,0,0,0,0,0,0,0,0,0,0,0,0,0,0,0,0,0,0,60,2.8,165.3,0,0,0,0,0,62.2,268,0
36,,15.03.2018,13:08:25,0:03:00,1.7,104.8,51.4,251,42,52,0,0,"00:00,0","00:00,0","00:00,0","00:00,0","00:00,0","00:00,0","00:00,0","00:00,0","00:00,0","00:00,0",0,0,0,0,0,0,0,0,0,0,0,0,0,0,0,0,0,0,0,0,0,0,60,1.7,104.8,0,0,0,0,0,51.4,251,0
36,,15.03.2018,13:09:25,0:04:00,5.5,330.7,70.9,167,187,595,0,0,"00:00,0","00:00,0","00:00,0","00:00,0","00:00,0","00:00,0","00:00,0","00:00,0","00:00,0","00:00,0",1.2,0,0,4,0,0,0,0,0,3,18.4,0,0,0,0,0,0,0,0,0,0,0,60,5.5,330.7,0,0,0,0,0,70.9,167,0
36,,15.03.2018,13:10:25,0:05:00,4.9,296.1,70.8,168,183,496,0,0,"00:00,0","00:00,0","00:00,0","00:00,0","00:00,0","00:00,0","00:00,0","00:00,0","00:00,0","00:00,0",0.7,0,0,2,0,0,0,0,0,1,43.4,0.4,0,0,1,0,0,0,0,0,1,36,60,4.9,296.1,0,0,0,0,0,70.8,168,0
36,,15.03.2018,13:11:25,0:06:00,3.3,197.3,57.2,201,168,312,0,0,"00:00,0","00:00,0","00:00,0","00:00,0","00:00,0","00:00,0","00:00,0","00:00,0","00:00,0","00:00,0",1.4,0,0,2,0,0,0,0,0,7,1.1,0,0,0,0,0,0,0,0,0,0,0,60,3.3,197.3,0,0,0,0,0,57.2,201,0
36,,15.03.2018,13:12:25,0:07:00,1.2,72.1,37.3,214,30,30,0,0,"00:00,0","00:00,0","00:00,0","00:00,0","00:00,0","00:00,0","00:00,0","00:00,0","00:00,0","00:00,0",0,0,0,0,0,0,0,0,0,0,0,0,0,0,0,0,0,0,0,0,0,0,60,1.2,72.1,0,0,0,0,0,37.3,214,0
36,,15.03.2018,13:13:25,0:08:00,4.5,272.4,65.8,176,160,429,0,0,"00:00,0","00:00,0","00:00,0","00:00,0","00:00,0","00:00,0","00:00,0","00:00,0","00:00,0","00:00,0",1.1,0,0,2,0,0,0,0,0,6,7,1.2,0,0,2,0,0,0,0,0,6,26.1,60,4.5,272.4,0,0,0,0,0,65.8,176,0
36,,15.03.2018,13:14:25,0:09:00,4.6,273.3,71.1,179,178,445,0,0,"00:00,0","00:00,0","00:00,0","00:00,0","00:00,0","00:00,0","00:00,0","00:00,0","00:00,0","00:00,0",0,0,0,0,0,0,0,0,0,0,0,0,0,0,0,0,0,0,0,0,0,0,60,4.6,273.3,0,0,0,0,0,71.1,179,0
36,,15.03.2018,13:15:25,0:10:00,3.1,184.6,52.3,203,82,241,0,0,"00:00,0","00:00,0","00:00,0","00:00,0","00:00,0","00:00,0","00:00,0","00:00,0","00:00,0","00:00,0",0,0,0,0,0,0,0,0,0,0,0,0,0,0,0,0,0,0,0,0,0,0,60,3.1,184.6,0,0,0,0,0,52.3,203,0
37,,15.03.2018,13:18:58,0:01:00,9.6,578.1,84.4,117,348,1113,0,0,"00:00,0","00:00,0","00:00,0","00:00,0","00:00,0","00:00,0","00:00,0","00:00,0","00:00,0","00:00,0",0.6,0,0,1,0,0,0,0,0,4,9.5,1.1,0,0,2,0,0,0,0,0,2,3.4,60,9.6,578.1,0,0,0,0,0,84.4,117,0
37,,15.03.2018,13:19:58,0:02:00,6.3,379.6,74.1,189,238,699,0,0,"00:00,0","00:00,0","00:00,0","00:00,0","00:00,0","00:00,0","00:00,0","00:00,0","00:00,0","00:00,0",0.2,0,0,1,0,0,0,0,0,1,43.4,0.4,0,0,2,0,0,0,0,0,1,49,60,6.3,379.6,0,0,0,0,0,74.1,189,0
37,,15.03.2018,13:20:58,0:03:00,6.7,400.7,76.4,165,258,702,0,0,"00:00,0","00:00,0","00:00,0","00:00,0","00:00,0","00:00,0","00:00,0","00:00,0","00:00,0","00:00,0",0,0,0,0,0,0,0,0,0,0,0,1.5,0,0,5,0,0,0,0,0,3,1.4,60,6.7,400.7,0,0,0,0,0,76.4,165,0
37,,15.03.2018,13:21:58,0:04:00,1.8,105.1,47.9,235,81,69,0,0,"00:00,0","00:00,0","00:00,0","00:00,0","00:00,0","00:00,0","00:00,0","00:00,0","00:00,0","00:00,0",0,0,0,0,0,0,0,0,0,0,0,0,0,0,0,0,0,0,0,0,0,0,60,1.8,105.1,0,0,0,0,0,47.9,235,0
37,,15.03.2018,13:22:58,0:05:00,3.1,185.2,54.2,207,136,257,0,0,"00:00,0","00:00,0","00:00,0","00:00,0","00:00,0","00:00,0","00:00,0","00:00,0","00:00,0","00:00,0",0,0,0,0,0,0,0,0,0,0,0,0,0,0,0,0,0,0,0,0,0,0,60,3.1,185.2,0,0,0,0,0,54.2,207,0
37,,15.03.2018,13:23:58,0:06:00,7.1,423,79.4,171,227,761,0,0,"00:00,0","00:00,0","00:00,0","00:00,0","00:00,0","00:00,0","00:00,0","00:00,0","00:00,0","00:00,0",2.2,0,0,3,0,0,0,0,0,9,39.1,1.4,0,0,2,0,0,0,0,0,7,21.3,60,7.1,423,0,0,0,0,0,79.4,171,0
37,,15.03.2018,13:24:58,0:07:00,7.2,433.6,77.9,155,253,804,0,0,"00:00,0","00:00,0","00:00,0","00:00,0","00:00,0","00:00,0","00:00,0","00:00,0","00:00,0","00:00,0",1.4,0,0,1,0,0,0,0,0,3,8,0.5,0,0,2,0,0,0,0,0,2,28.4,60,7.2,433.6,0,0,0,0,0,77.9,155,0
37,,15.03.2018,13:25:58,0:08:00,6.9,415.9,79.7,145,271,808,0,0,"00:00,0","00:00,0","00:00,0","00:00,0","00:00,0","00:00,0","00:00,0","00:00,0","00:00,0","00:00,0",1.2,0,0,5,0,0,0,0,0,2,13.9,3.2,0,0,9,0,0,0,0,0,11,30.2,60,6.9,415.9,0,0,0,0,0,79.7,145,0
37,,15.03.2018,13:26:58,0:09:00,8.2,492.8,86.2,120,317,969,0,0,"00:00,0","00:00,0","00:00,0","00:00,0","00:00,0","00:00,0","00:00,0","00:00,0","00:00,0","00:00,0",0.4,0,0,1,0,0,0,0,0,2,10.2,4.6,3.4,7.7,5,0,0,0,0,83.3,15,0.8,60,8.2,492.8,0,0,0,0,0,86.2,120,0
37,,15.03.2018,13:27:58,0:10:00,5.4,324.4,59.8,203,218,479,0,0,"00:00,0","00:00,0","00:00,0","00:00,0","00:00,0","00:00,0","00:00,0","00:00,0","00:00,0","00:00,0",0.1,660.4,50.9,1,0,0,0,0,33.8,0,23.7,0.8,0,0,1,0,0,0,0,0,0,10.8,60,5.4,324.4,0,0,0,0,0,59.8,203,0
38,,15.03.2018,13:30:57,0:01:00,6.5,389.2,67.3,139,206,719,0,0,"00:00,0","00:00,0","00:00,0","00:00,0","00:00,0","00:00,0","00:00,0","00:00,0","00:00,0","00:00,0",0.3,0,0,2,0,0,0,0,0,1,4.6,1.1,0,0,2,0,0,0,0,0,1,1.3,60,6.5,389.2,0,0,0,0,0,67.3,139,0
38,,15.03.2018,13:31:57,0:02:00,1,58.1,36,206,52,8,0,0,"00:00,0","00:00,0","00:00,0","00:00,0","00:00,0","00:00,0","00:00,0","00:00,0","00:00,0","00:00,0",0,0,0,0,0,0,0,0,0,0,0,0,0,0,0,0,0,0,0,0,0,0,60,1,58.1,0,0,0,0,0,36,206,0
38,,15.03.2018,13:32:57,0:03:00,6.1,366.5,72.5,136,212,709,0,0,"00:00,0","00:00,0","00:00,0","00:00,0","00:00,0","00:00,0","00:00,0","00:00,0","00:00,0","00:00,0",0.1,0,0,1,0,0,0,0,0,0,33.2,0.5,0,0,3,0,0,0,0,0,1,20.9,60,6.1,366.5,0,0,0,0,0,72.5,136,0
38,,15.03.2018,13:33:57,0:04:00,4.4,263.6,68.2,163,142,411,0,0,"00:00,0","00:00,0","00:00,0","00:00,0","00:00,0","00:00,0","00:00,0","00:00,0","00:00,0","00:00,0",0.3,0,0,1,0,0,0,0,0,1,56.9,1.4,0,0,4,0,0,0,0,0,2,49.9,60,4.4,263.6,0,0,0,0,0,68.2,163,0
38,,15.03.2018,13:34:57,0:05:00,4.8,285.8,66.9,162,207,479,0,0,"00:00,0","00:00,0","00:00,0","00:00,0","00:00,0","00:00,0","00:00,0","00:00,0","00:00,0","00:00,0",0.5,0,0,1,0,0,0,0,0,1,0.2,0.6,0,0,2,0,0,0,0,0,0,15,60,4.8,285.8,0,0,0,0,0,66.9,162,0
38,,15.03.2018,13:35:57,0:06:00,4.9,296.1,64.9,155,166,520,0,0,"00:00,0","00:00,0","00:00,0","00:00,0","00:00,0","00:00,0","00:00,0","00:00,0","00:00,0","00:00,0",0,0,0,0,0,0,0,0,0,0,0,0.7,0,0,4,0,0,0,0,0,0,53.2,60,4.9,296.1,0,0,0,0,0,64.9,155,0
38,,15.03.2018,13:36:57,0:07:00,0.5,32.2,21.7,136,21,14,0,0,"00:00,0","00:00,0","00:00,0","00:00,0","00:00,0","00:00,0","00:00,0","00:00,0","00:00,0","00:00,0",0,0,0,0,0,0,0,0,0,0,0,0,0,0,0,0,0,0,0,0,0,0,59.9,0.5,32.2,0,0,0,0,0,21.7,136,0
38,,15.03.2018,13:37:57,0:08:00,1.4,84.5,43.1,174,45,54,0,0,"00:00,0","00:00,0","00:00,0","00:00,0","00:00,0","00:00,0","00:00,0","00:00,0","00:00,0","00:00,0",0,0,0,0,0,0,0,0,0,0,0,0,0,0,0,0,0,0,0,0,0,0,60,1.4,84.5,0,0,0,0,0,43.1,174,0
38,,15.03.2018,13:38:57,0:09:00,4.1,245.1,66.2,155,130,354,0,0,"00:00,0","00:00,0","00:00,0","00:00,0","00:00,0","00:00,0","00:00,0","00:00,0","00:00,0","00:00,0",0,0,0,0,0,0,0,0,0,0,0,0,0,0,0,0,0,0,0,0,0,0,60,4.1,245.1,0,0,0,0,0,66.2,155,0
38,,15.03.2018,13:39:57,0:10:00,1.7,103.3,55.3,237,119,10,0,0,"00:00,0","00:00,0","00:00,0","00:00,0","00:00,0","00:00,0","00:00,0","00:00,0","00:00,0","00:00,0",0,0,0,0,0,0,0,0,0,0,0,0,0,0,0,0,0,0,0,0,0,0,59.9,1.7,103.3,0,0,0,0,0,55.3,237,0
39,,15.03.2018,13:43:09,0:01:00,9.4,564.7,83.6,110,316,1115,0,0,"00:00,0","00:00,0","00:00,0","00:00,0","00:00,0","00:00,0","00:00,0","00:00,0","00:00,0","00:00,0",1.4,0,0,7,0,0,0,0,0,2,4.9,0.5,0,0,1,0,0,0,0,0,0,34.6,60,9.4,564.7,0,0,0,0,0,83.6,110,0
39,,15.03.2018,13:44:09,0:02:00,7.5,449.5,77.4,147,252,852,0,0,"00:00,0","00:00,0","00:00,0","00:00,0","00:00,0","00:00,0","00:00,0","00:00,0","00:00,0","00:00,0",0.4,0,0,1,0,0,0,0,0,0,6.5,1.6,0,0,3,0,0,0,0,0,6,4.5,60,7.5,449.5,0,0,0,0,0,77.4,147,0
39,,15.03.2018,13:45:09,0:03:00,8.2,493.3,81.7,128,292,989,0,0,"00:00,0","00:00,0","00:00,0","00:00,0","00:00,0","00:00,0","00:00,0","00:00,0","00:00,0","00:00,0",1.3,0,0,3,0,0,0,0,0,3,7.5,2.4,0,0,5,0,0,0,0,0,6,11.7,60,8.2,493.3,0,0,0,0,0,81.7,128,0
39,,15.03.2018,13:46:09,0:04:00,6.4,383.4,82.9,125,217,684,0,0,"00:00,0","00:00,0","00:00,0","00:00,0","00:00,0","00:00,0","00:00,0","00:00,0","00:00,0","00:00,0",1.3,0,0,2,0,0,0,0,0,1,39.3,0.5,0,0,3,0,0,0,0,0,0,22.7,60,6.4,383.4,0,0,0,0,0,82.9,125,0
39,,15.03.2018,13:47:09,0:05:00,5.8,346.2,72.9,116,190,632,0,0,"00:00,0","00:00,0","00:00,0","00:00,0","00:00,0","00:00,0","00:00,0","00:00,0","00:00,0","00:00,0",0.5,0,0,1,0,0,0,0,0,1,33.1,1,0,0,1,0,0,0,0,0,3,30.2,60,5.8,346.2,0,0,0,0,0,72.9,116,0
39,,15.03.2018,13:48:09,0:06:00,1.1,65.2,41.8,237,64,46,0,0,"00:00,0","00:00,0","00:00,0","00:00,0","00:00,0","00:00,0","00:00,0","00:00,0","00:00,0","00:00,0",0,0,0,0,0,0,0,0,0,0,0,0,0,0,0,0,0,0,0,0,0,0,60,1.1,65.2,0,0,0,0,0,41.8,237,0
39,,15.03.2018,13:49:09,0:07:00,7.9,475.6,84.7,106,267,936,0,0,"00:00,0","00:00,0","00:00,0","00:00,0","00:00,0","00:00,0","00:00,0","00:00,0","00:00,0","00:00,0",0.7,0,0,2,0,0,0,0,0,1,12,2.5,0,0,4,0,0,0,0,0,4,13.5,60,7.9,475.6,0,0,0,0,0,84.7,106,0
39,,15.03.2018,13:50:09,0:08:00,2.1,127.8,54,237,73,120,0,0,"00:00,0","00:00,0","00:00,0","00:00,0","00:00,0","00:00,0","00:00,0","00:00,0","00:00,0","00:00,0",0,0,0,0,0,0,0,0,0,0,0,0,0,0,0,0,0,0,0,0,0,0,60,2.1,127.8,0,0,0,0,0,54,237,0
39,,15.03.2018,13:51:09,0:09:00,5.1,303.6,69.5,154,210,575,0,0,"00:00,0","00:00,0","00:00,0","00:00,0","00:00,0","00:00,0","00:00,0","00:00,0","00:00,0","00:00,0",0.2,0,0,1,0,0,0,0,0,0,50.5,0.2,0,0,2,0,0,0,0,0,0,35.6,60,5.1,303.6,0,0,0,0,0,69.5,154,0
39,,15.03.2018,13:52:09,0:10:00,6.3,375.5,81.4,129,222,695,0,0,"00:00,0","00:00,0","00:00,0","00:00,0","00:00,0","00:00,0","00:00,0","00:00,0","00:00,0","00:00,0",0.3,0,0,3,0,0,0,0,0,0,9.4,0.2,0,0,1,0,0,0,0,0,1,12.7,60,6.3,375.5,0,0,0,0,0,81.4,129,0
15,,15.03.2018,14:50:07,0:01:00,10.6,635.6,91.1,93,377,1254,0,0,"00:00,0","00:00,0","00:00,0","00:00,0","00:00,0","00:00,0","00:00,0","00:00,0","00:00,0","00:00,0",1.5,0,0,6,0,0,0,0,0,2,41.1,4.9,0,0,14,0,0,0,0,0,13,13.5,60,10.6,635.6,0,0,0,0,0,91.1,93,0
15,,15.03.2018,14:51:07,0:02:00,5.3,315.9,72.6,205,155,500,0,0,"00:00,0","00:00,0","00:00,0","00:00,0","00:00,0","00:00,0","00:00,0","00:00,0","00:00,0","00:00,0",0,0,0,0,0,0,0,0,0,0,0,0,0,0,0,0,0,0,0,0,0,0,60,5.3,315.9,0,0,0,0,0,72.6,205,0
15,,15.03.2018,14:52:07,0:03:00,5.7,341.4,63.7,178,205,566,0,0,"00:00,0","00:00,0","00:00,0","00:00,0","00:00,0","00:00,0","00:00,0","00:00,0","00:00,0","00:00,0",4,0,0,11,0,0,0,0,0,6,36.3,6.1,0,0,6,0,0,0,0,0,16,45.2,60,5.7,341.4,0,0,0,0,0,63.7,178,0
15,,15.03.2018,14:53:07,0:04:00,5.9,356.5,74.3,195,187,534,0,0,"00:00,0","00:00,0","00:00,0","00:00,0","00:00,0","00:00,0","00:00,0","00:00,0","00:00,0","00:00,0",5.4,5.3,5.2,9,0,0,0,0,50.7,15,22.2,1.2,25.2,3.2,1,0,0,0,0,100,2,2.2,60,5.9,356.5,0,0,0,0,0,74.3,195,0
15,,15.03.2018,14:54:07,0:05:00,4.5,271.6,69.2,203,173,428,0,0,"00:00,0","00:00,0","00:00,0","00:00,0","00:00,0","00:00,0","00:00,0","00:00,0","00:00,0","00:00,0",4.1,0,0,5,0,0,0,0,0,13,1.5,1.2,0,0,7,0,0,0,0,0,2,18.5,60,4.5,271.6,0,0,0,0,0,69.2,203,0
15,,15.03.2018,14:55:07,0:06:00,4.6,274.9,68.2,185,172,410,0,0,"00:00,0","00:00,0","00:00,0","00:00,0","00:00,0","00:00,0","00:00,0","00:00,0","00:00,0","00:00,0",0.3,0,0,1,0,0,0,0,0,1,42.9,0,0,0,0,0,0,0,0,0,0,0,60,4.6,274.9,0,0,0,0,0,68.2,185,0
15,,15.03.2018,14:56:07,0:07:00,4.4,266,64.2,173,151,437,0,0,"00:00,0","00:00,0","00:00,0","00:00,0","00:00,0","00:00,0","00:00,0","00:00,0","00:00,0","00:00,0",5,0,0,9,0,0,0,0,0,15,24,3.5,0,0,3,0,0,0,0,0,17,26.6,60,4.4,266,0,0,0,0,0,64.2,173,0
15,,15.03.2018,14:57:07,0:08:00,4.7,283.8,67.5,210,177,450,0,0,"00:00,0","00:00,0","00:00,0","00:00,0","00:00,0","00:00,0","00:00,0","00:00,0","00:00,0","00:00,0",1.5,1.2,0.4,3,0,0,0,0,13.6,4,2,2.6,0,0,3,0,0,0,0,0,0,5.3,60,4.7,283.8,0,0,0,0,0,67.5,210,0
15,,15.03.2018,14:58:07,0:09:00,5.2,314.2,65.5,178,174,560,0,0,"00:00,0","00:00,0","00:00,0","00:00,0","00:00,0","00:00,0","00:00,0","00:00,0","00:00,0","00:00,0",2.6,0,0,11,0,0,0,0,0,3,12.6,3.1,36.4,1.7,6,0,0,0,0,100,4,17.5,60,5.2,314.2,0,0,0,0,0,65.5,178,0
15,,15.03.2018,14:59:07,0:10:00,4.8,285.4,51.8,139,176,527,0,0,"00:00,0","00:00,0","00:00,0","00:00,0","00:00,0","00:00,0","00:00,0","00:00,0","00:00,0","00:00,0",20.1,0,0,42,0,0,0,0,0,33,17,5.7,0,0,16,0,0,0,0,0,13,5.3,60,4.8,285.4,0,0,0,0,0,51.8,139,0
16,,15.03.2018,15:02:12,0:01:00,6.2,373.3,73.6,131,232,663,0,0,"00:00,0","00:00,0","00:00,0","00:00,0","00:00,0","00:00,0","00:00,0","00:00,0","00:00,0","00:00,0",1,0,0,3,0,0,0,0,0,2,12,0,0,0,0,0,0,0,0,0,0,0,60.1,6.2,373.3,0,0,0,0,0,73.6,131,0
16,,15.03.2018,15:03:12,0:02:00,6.3,377.8,73.4,126,217,719,0,0,"00:00,0","00:00,0","00:00,0","00:00,0","00:00,0","00:00,0","00:00,0","00:00,0","00:00,0","00:00,0",0,0,0,0,0,0,0,0,0,0,0,0.6,0,0,3,0,0,0,0,0,1,29.7,60,6.3,377.8,0,0,0,0,0,73.4,126,0
16,,15.03.2018,15:04:12,0:03:00,6.4,382.1,70.1,128,219,730,0,0,"00:00,0","00:00,0","00:00,0","00:00,0","00:00,0","00:00,0","00:00,0","00:00,0","00:00,0","00:00,0",0.7,0,0,2,0,0,0,0,0,3,5.4,0.4,0,0,2,0,0,0,0,0,2,34.1,60,6.4,382.1,0,0,0,0,0,70.1,128,0
16,,15.03.2018,15:05:12,0:04:00,3.9,236.5,55.7,166,121,402,0,0,"00:00,0","00:00,0","00:00,0","00:00,0","00:00,0","00:00,0","00:00,0","00:00,0","00:00,0","00:00,0",0.2,0,0,1,0,0,0,0,0,0,1.9,0.7,0,0,1,0,0,0,0,0,0,16.8,60,3.9,236.5,0,0,0,0,0,55.7,166,0
16,,15.03.2018,15:06:12,0:05:00,4.1,245.7,60.2,173,134,398,0,0,"00:00,0","00:00,0","00:00,0","00:00,0","00:00,0","00:00,0","00:00,0","00:00,0","00:00,0","00:00,0",0.5,0,0,1,0,0,0,0,0,3,25.3,0,0,0,0,0,0,0,0,0,0,0,60,4.1,245.7,0,0,0,0,0,60.2,173,0
16,,15.03.2018,15:07:12,0:06:00,4,238.3,60,185,167,408,0,0,"00:00,0","00:00,0","00:00,0","00:00,0","00:00,0","00:00,0","00:00,0","00:00,0","00:00,0","00:00,0",0,0,0,0,0,0,0,0,0,0,0,0,0,0,0,0,0,0,0,0,0,0,60,4,238.3,0,0,0,0,0,60,185,0
16,,15.03.2018,15:08:12,0:07:00,0.9,56.9,36.5,211,87,26,0,0,"00:00,0","00:00,0","00:00,0","00:00,0","00:00,0","00:00,0","00:00,0","00:00,0","00:00,0","00:00,0",0,0,0,0,0,0,0,0,0,0,0,0,0,0,0,0,0,0,0,0,0,0,60,0.9,56.9,0,0,0,0,0,36.5,211,0
16,,15.03.2018,15:09:12,0:08:00,1.3,78.8,32.1,146,57,100,0,0,"00:00,0","00:00,0","00:00,0","00:00,0","00:00,0","00:00,0","00:00,0","00:00,0","00:00,0","00:00,0",0,0,0,0,0,0,0,0,0,0,0,0,0,0,0,0,0,0,0,0,0,0,60,1.3,78.8,0,0,0,0,0,32.1,146,0
16,,15.03.2018,15:10:12,0:09:00,6.3,378.3,74.4,118,222,679,0,0,"00:00,0","00:00,0","00:00,0","00:00,0","00:00,0","00:00,0","00:00,0","00:00,0","00:00,0","00:00,0",0.3,0,0,3,0,0,0,0,0,1,5.2,0.7,0,0,1,0,0,0,0,0,2,32.6,60,6.3,378.3,0,0,0,0,0,74.4,118,0
16,,15.03.2018,15:11:11,0:10:00,4.3,256.7,52.4,132,155,496,0,0,"00:00,0","00:00,0","00:00,0","00:00,0","00:00,0","00:00,0","00:00,0","00:00,0","00:00,0","00:00,0",0,0,0,0,0,0,0,0,0,0,0,0.7,0,0,1,0,0,0,0,0,3,18.4,59.9,4.3,256.7,0,0,0,0,0,52.4,132,0
17,,15.03.2018,15:14:18,0:01:00,2.9,176.2,52,193,103,270,0,0,"00:00,0","00:00,0","00:00,0","00:00,0","00:00,0","00:00,0","00:00,0","00:00,0","00:00,0","00:00,0",0.2,0,0,5,0,0,0,0,0,0,47.9,0,0,0,0,0,0,0,0,0,0,0,60,2.9,176.2,0,0,0,0,0,52,193,0
17,,15.03.2018,15:15:18,0:02:00,1.7,104.4,47.4,227,68,112,0,0,"00:00,0","00:00,0","00:00,0","00:00,0","00:00,0","00:00,0","00:00,0","00:00,0","00:00,0","00:00,0",0,0,0,0,0,0,0,0,0,0,0,0,0,0,0,0,0,0,0,0,0,0,60,1.7,104.4,0,0,0,0,0,47.4,227,0
17,,15.03.2018,15:16:18,0:03:00,4.2,254.6,66.7,199,122,412,0,0,"00:00,0","00:00,0","00:00,0","00:00,0","00:00,0","00:00,0","00:00,0","00:00,0","00:00,0","00:00,0",0,0,0,0,0,0,0,0,0,0,0,1,0,0,4,0,0,0,0,0,4,32.8,60,4.2,254.6,0,0,0,0,0,66.7,199,0
17,,15.03.2018,15:17:18,0:04:00,4.5,269.4,65.8,185,136,419,0,0,"00:00,0","00:00,0","00:00,0","00:00,0","00:00,0","00:00,0","00:00,0","00:00,0","00:00,0","00:00,0",0.1,0,0,2,0,0,0,0,0,0,5.1,1.4,0,0,3,0,0,0,0,0,4,48.8,60,4.5,269.4,0,0,0,0,0,65.8,185,0
17,,15.03.2018,15:18:18,0:05:00,3.8,229.2,76.7,234,106,253,0,0,"00:00,0","00:00,0","00:00,0","00:00,0","00:00,0","00:00,0","00:00,0","00:00,0","00:00,0","00:00,0",0,0,0,0,0,0,0,0,0,0,0,0,0,0,0,0,0,0,0,0,0,0,60,3.8,229.2,0,0,0,0,0,76.7,234,0
17,,15.03.2018,15:19:18,0:06:00,1.5,90.3,46,208,39,57,0,0,"00:00,0","00:00,0","00:00,0","00:00,0","00:00,0","00:00,0","00:00,0","00:00,0","00:00,0","00:00,0",0,0,0,0,0,0,0,0,0,0,0,0,0,0,0,0,0,0,0,0,0,0,60,1.5,90.3,0,0,0,0,0,46,208,0
17,,15.03.2018,15:20:18,0:07:00,5.1,308.8,75.6,169,215,582,0,0,"00:00,0","00:00,0","00:00,0","00:00,0","00:00,0","00:00,0","00:00,0","00:00,0","00:00,0","00:00,0",0.5,0,0,2,0,0,0,0,0,0,41.4,2,0,0,2,0,0,0,0,0,6,30.7,60,5.1,308.8,0,0,0,0,0,75.6,169,0
17,,15.03.2018,15:21:18,0:08:00,1.5,91.8,51.1,234,61,58,0,0,"00:00,0","00:00,0","00:00,0","00:00,0","00:00,0","00:00,0","00:00,0","00:00,0","00:00,0","00:00,0",0,0,0,0,0,0,0,0,0,0,0,0,0,0,0,0,0,0,0,0,0,0,60,1.5,91.8,0,0,0,0,0,51.1,234,0
17,,15.03.2018,15:22:18,0:09:00,2.9,173.5,64.4,201,91,217,0,0,"00:00,0","00:00,0","00:00,0","00:00,0","00:00,0","00:00,0","00:00,0","00:00,0","00:00,0","00:00,0",0,0,0,0,0,0,0,0,0,0,0,0,0,0,0,0,0,0,0,0,0,0,60,2.9,173.5,0,0,0,0,0,64.4,201,0
17,,15.03.2018,15:23:18,0:10:00,1.9,111.2,59.3,257,33,45,0,0,"00:00,0","00:00,0","00:00,0","00:00,0","00:00,0","00:00,0","00:00,0","00:00,0","00:00,0","00:00,0",0,0,0,0,0,0,0,0,0,0,0,0,0,0,0,0,0,0,0,0,0,0,60,1.9,111.2,0,0,0,0,0,59.3,257,0
18,,15.03.2018,15:27:47,0:01:00,7.1,425.7,76.5,136,248,822,0,0,"00:00,0","00:00,0","00:00,0","00:00,0","00:00,0","00:00,0","00:00,0","00:00,0","00:00,0","00:00,0",0,0,0,0,0,0,0,0,0,0,0,1.7,0,0,9,0,0,0,0,0,1,2.6,60,7.1,425.7,0,0,0,0,0,76.5,136,0
18,,15.03.2018,15:28:47,0:02:00,5.2,313.5,70.4,194,164,532,0,0,"00:00,0","00:00,0","00:00,0","00:00,0","00:00,0","00:00,0","00:00,0","00:00,0","00:00,0","00:00,0",0.7,0,0,7,0,0,0,0,0,1,29.8,1.3,0,0,4,0,0,0,0,0,2,34.5,60,5.2,313.5,0,0,0,0,0,70.4,194,0
18,,15.03.2018,15:29:47,0:03:00,9.2,553.8,90.2,97,333,1106,0,0,"00:00,0","00:00,0","00:00,0","00:00,0","00:00,0","00:00,0","00:00,0","00:00,0","00:00,0","00:00,0",4.2,0,0,8,0,0,0,0,0,5,0.1,3.2,5.4,3.4,13,0,0,0,0,100,4,8.4,60,9.2,553.8,0,0,0,0,0,90.2,97,0
18,,15.03.2018,15:30:47,0:04:00,5.8,349.5,74.5,122,214,585,0,0,"00:00,0","00:00,0","00:00,0","00:00,0","00:00,0","00:00,0","00:00,0","00:00,0","00:00,0","00:00,0",4.3,0,0,8,0,0,0,0,0,7,13.4,0.2,0,0,2,0,0,0,0,0,0,17.8,60,5.8,349.5,0,0,0,0,0,74.5,122,0
18,,15.03.2018,15:31:47,0:05:00,7.6,458.9,82.2,121,276,890,0,0,"00:00,0","00:00,0","00:00,0","00:00,0","00:00,0","00:00,0","00:00,0","00:00,0","00:00,0","00:00,0",4.8,5,5.9,8,0,0,0,0,43.8,11,6.7,1.7,0,0,3,0,0,0,0,0,1,1.5,60,7.6,458.9,0,0,0,0,0,82.2,121,0
18,,15.03.2018,15:32:47,0:06:00,3.9,237,70.7,181,155,375,0,0,"00:00,0","00:00,0","00:00,0","00:00,0","00:00,0","00:00,0","00:00,0","00:00,0","00:00,0","00:00,0",0,0,0,0,0,0,0,0,0,0,0,0.3,0,0,2,0,0,0,0,0,0,4.7,60,3.9,237,0,0,0,0,0,70.7,181,0
18,,15.03.2018,15:33:47,0:07:00,2.7,160.8,63,250,88,161,0,0,"00:00,0","00:00,0","00:00,0","00:00,0","00:00,0","00:00,0","00:00,0","00:00,0","00:00,0","00:00,0",0,0,0,0,0,0,0,0,0,0,0,0,0,0,0,0,0,0,0,0,0,0,60,2.7,160.8,0,0,0,0,0,63,250,0
18,,15.03.2018,15:34:47,0:08:00,4.7,283.5,70.3,200,199,482,0,0,"00:00,0","00:00,0","00:00,0","00:00,0","00:00,0","00:00,0","00:00,0","00:00,0","00:00,0","00:00,0",0.2,0,0,1,0,0,0,0,0,0,41,0.1,0,0,1,0,0,0,0,0,0,42.7,60,4.7,283.5,0,0,0,0,0,70.3,200,0
18,,15.03.2018,15:35:47,0:09:00,7.3,435.8,74.7,110,259,872,0,0,"00:00,0","00:00,0","00:00,0","00:00,0","00:00,0","00:00,0","00:00,0","00:00,0","00:00,0","00:00,0",2.5,6,0.3,5,0,0,0,0,100,6,8.4,3.1,0,0,9,0,0,0,0,0,2,33.5,60,7.3,435.8,0,0,0,0,0,74.7,110,0
18,,15.03.2018,15:36:47,0:10:00,6.4,386.5,70.2,114,226,657,0,0,"00:00,0","00:00,0","00:00,0","00:00,0","00:00,0","00:00,0","00:00,0","00:00,0","00:00,0","00:00,0",12.2,0.3,0.7,10,0,0,0,0,10.7,11,11.2,4.8,0,0,8,0,0,0,0,0,8,3.1,60,6.4,386.5,0,0,0,0,0,70.2,114,0